{"type": "FeatureCollection", "columns": {"ADM0_CODE": "Integer", "ADM0_NAME": "String", "ADM1_CODE": "Integer", "ADM1_NAME": "String", "ADM2_CODE": "Integer", "ADM2_NAME": "String", "DISP_AREA": "String", "EXP2_YEAR": "Integer", "STATUS": "String", "STR2_YEAR": "Integer", "Shape_Area": "Float", "Shape_Leng": "Float", "system:index": "String"}, "version": 1701682634012831, "id": "FAO/GAUL/2015/level2", "properties": {"system:asset_size": 316969462}, "features": [{"type": "Feature", "geometry": {"type": "Polygon", "coordinates": [[[100.59247722070056, 13.858935129227504], [100.59321741577038, 13.851158491995081], [100.59317721936685, 13.847341422762717], [100.59353847228809, 13.846347123504824], [100.59457293806597, 13.84372510469835], [100.59567432531685, 13.837299538212578], [100.59625847902797, 13.837745489353992], [100.59664199027358, 13.838030858487597], [100.599121237777, 13.839390871757468], [100.60359820713362, 13.841299388069926], [100.60407082695167, 13.841352925316519], [100.6046237659998, 13.84134397549203], [100.60816877055056, 13.841294931223006], [100.60910074412087, 13.841410852311105], [100.60984983467137, 13.841491093880355], [100.61060339839601, 13.841571399913885], [100.61132131701557, 13.84168728833807], [100.61558427221172, 13.841495619494525], [100.61616391251664, 13.84145101005513], [100.61678376310157, 13.841339548935917], [100.61746152270473, 13.841259249133415], [100.61807244704018, 13.841147737773227], [100.62262516734972, 13.841607057146833], [100.62328509882497, 13.842213497407942], [100.62384253451636, 13.842860093905562], [100.62535857379603, 13.845620269939893], [100.62581790121959, 13.846298024579072], [100.62622808442366, 13.846619083912644], [100.62674541275045, 13.846935645665583], [100.63223454640492, 13.84821546126612], [100.63294799267389, 13.848050469556584], [100.63380416981354, 13.848063814998527], [100.63425451666211, 13.848282311850243], [100.637077118131, 13.849437215750712], [100.63775485430432, 13.849486257441415], [100.64282045952916, 13.85003474599216], [100.64344023058007, 13.850248787901796], [100.64395748304845, 13.850502997348713], [100.64447920714021, 13.850752646868122], [100.64495633244738, 13.85100686139594], [100.64992375470939, 13.851715837813616], [100.65090926112913, 13.851697977594716], [100.65162714816103, 13.85164896674642], [100.6592343584306, 13.84740831459766], [100.65981409962193, 13.847194303397792], [100.66359088607555, 13.848295723086043], [100.66417503815696, 13.848612302528073], [100.66458977460853, 13.848897726269866], [100.66524527686178, 13.84934363937819], [100.6702974235984, 13.850971207823058], [100.67125615385444, 13.851216388022904], [100.67187594258839, 13.851461663455703], [100.67242438599081, 13.851680132366505], [100.67922896324777, 13.850382605920302], [100.68050432875718, 13.850913241527147], [100.68184651183634, 13.85140813062388], [100.68534692201422, 13.852679005315066], [100.68560106473451, 13.853165047656733], [100.68640811862205, 13.854328908529187], [100.6866221992851, 13.854783727520656], [100.68748282570522, 13.857066779519524], [100.68758978123181, 13.857557282551712], [100.68763887420347, 13.858212717154066], [100.68779939378517, 13.861200377536896], [100.68787522584218, 13.861655174005065], [100.68787961069091, 13.862150107694227], [100.68771909097114, 13.862645127308529], [100.68772803260869, 13.863238123124848], [100.68882940817353, 13.867188911081005], [100.68977474441147, 13.86825016646047], [100.69113030193311, 13.869668207988342], [100.69297640589, 13.871728269384864], [100.69432753879532, 13.876365774600155], [100.69496957883281, 13.879768089055554], [100.69453260935974, 13.880169386977316], [100.69521489139946, 13.883669774359152], [100.69546458981614, 13.884289612600513], [100.69561170927179, 13.885074378748284], [100.69569201887961, 13.891575746293244], [100.6947689784645, 13.894982465080327], [100.69331973314956, 13.89793884521794], [100.6931592040683, 13.898531943340405], [100.69282481952551, 13.899000112716143], [100.69245913885558, 13.89946835270697], [100.6888116106664, 13.90142145464024], [100.68830769328696, 13.902322192998405], [100.68791082050245, 13.902888448068472], [100.68712602158013, 13.904810374913954], [100.68720185308958, 13.90526967686934], [100.68734904549255, 13.907534869873635], [100.68742926201091, 13.908190395439002], [100.68834784493875, 13.90997401947234], [100.68943590109846, 13.911659490590296], [100.68986399083775, 13.912506769009644], [100.69097871856809, 13.915503311376304], [100.69195528775272, 13.916738471325111], [100.6926820895379, 13.917657014884401], [100.69291845395527, 13.918352659364226], [100.69311466525056, 13.918852084054691], [100.69331526206268, 13.919351491166386], [100.69341336807595, 13.919859783477046], [100.69361852261414, 13.920390419886937], [100.69381920649234, 13.920929984737278], [100.69401533369862, 13.921482934233335], [100.69421601843018, 13.922062660010306], [100.69441223245389, 13.922651227435944], [100.69461738918805, 13.923271005121451], [100.69471541058655, 13.92392205012042], [100.69491609682362, 13.92458201356145], [100.69501420451986, 13.925282123866529], [100.69501420451986, 13.925991105394704], [100.69511231231925, 13.926700040052985], [100.69511231231925, 13.92739121899376], [100.69511231231927, 13.928051234031548], [100.69511231231925, 13.928662100043189], [100.69511231231927, 13.929210546067203], [100.69511231231925, 13.92967876114947], [100.69501420451986, 13.930352109357363], [100.6948179892305, 13.930851512525013], [100.69401533369862, 13.931020947324965], [100.69331526206268, 13.931038830135325], [100.69261072462596, 13.93102984297312], [100.6920177101137, 13.93101200457441], [100.691513775414, 13.93095854243179], [100.69071114830592, 13.93082029753029], [100.69011814586831, 13.93074893433242], [100.68961422142998, 13.930731088242439], [100.68911924148503, 13.93069992508527], [100.68841473573748, 13.930682017694663], [100.68771462015269, 13.930668716376525], [100.68701012501589, 13.93065080410811], [100.6862163921804, 13.930641888273698], [100.6855162931006, 13.930619674029963], [100.68491438232641, 13.930601772159802], [100.68431686011947, 13.930579484415981], [100.68351867959541, 13.930521513441263], [100.68291669574624, 13.930450176777137], [100.68231024522564, 13.930369955179758], [100.68161903056124, 13.930311976971929], [100.68101705898144, 13.930289701568265], [100.68041062082192, 13.930271812170437], [100.67971950621707, 13.930258438178063], [100.67831485457697, 13.930231711349712], [100.6777129043432, 13.93020942607774], [100.67701725347656, 13.930191528938417], [100.67651339985834, 13.930169284370962], [100.67571072996587, 13.930111307672574], [100.6751177369879, 13.930039989311652], [100.67431507912339, 13.929959655513889], [100.67381115415874, 13.929928502164316], [100.67321808731235, 13.929901709696027], [100.67241544582167, 13.929879429169175], [100.67151472818108, 13.929861551296863], [100.6706140192547, 13.929852662421741], [100.66951707105056, 13.929839312040253], [100.66851821558222, 13.92983927551224], [100.6675193708338, 13.929839321497024], [100.6666186146125, 13.929852683357836], [100.66581603002794, 13.92987054020386], [100.66521407464354, 13.929901743393543], [100.66471905242138, 13.929928501949602], [100.66401455928415, 13.929990931407751], [100.66331445517444, 13.930062246349438], [100.66261435633396, 13.93011129455149], [100.66201689125151, 13.930129108340468], [100.66141487449802, 13.930160305080216], [100.66061224885682, 13.930200498656149], [100.65981409962193, 13.930258479255107], [100.65891333206127, 13.930369953087919], [100.65791450449544, 13.930521534719007], [100.65691568766076, 13.93073999512212], [100.65581425980257, 13.931020940964544], [100.65471731423004, 13.931391097270227], [100.65351784833075, 13.931819107973393], [100.65231384285076, 13.932291759913797], [100.65121246953282, 13.93278233971647], [100.65011549234161, 13.933281719310886], [100.64901861404616, 13.933772187590513], [100.64801972094925, 13.934231542743932], [100.64711898177025, 13.934641702714803], [100.64631639365409, 13.934980663215065], [100.64571439266551, 13.935261562002701], [100.64511686435202, 13.935488999035009], [100.64461301166645, 13.935689616982298], [100.64411354450205, 13.935872490595683], [100.64361416596138, 13.936041912583114], [100.64311023549547, 13.936202452730027], [100.64261533100378, 13.936380758680139], [100.64211140596046, 13.93658146543737], [100.64151836943702, 13.936799970055812], [100.64101453628375, 13.937040752818652], [100.64041695228973, 13.937299362598704], [100.63981498955995, 13.937571350110353], [100.63931107972219, 13.937870118232462], [100.63871806109408, 13.93818223078615], [100.6383122910767, 13.938498869950426], [100.63791545968422, 13.938842187618272], [100.63751407565212, 13.93919897934371], [100.63711724767396, 13.939609189126552], [100.63672042139329, 13.940081837416368], [100.63631457418349, 13.940621425543815], [100.63581962000653, 13.941250158911167], [100.63521768710572, 13.941990306003946], [100.63451315989732, 13.942850933091318], [100.63361237994788, 13.94384087110058], [100.63261356673699, 13.94489764933114], [100.63161467835974, 13.945967889019238], [100.63071401249209, 13.94698902518571], [100.62981326945086, 13.947889743689483], [100.6290150412558, 13.94862099775721], [100.62851565807001, 13.949098185342732], [100.62761493639148, 13.949659978595443], [100.6271154748285, 13.949989929254972], [100.6265179803932, 13.950257548414351], [100.6260140568906, 13.950489357723571], [100.62551915770375, 13.950681121105461], [100.62461837923206, 13.950997684126227], [100.62381572803766, 13.951278673170505], [100.62311566928263, 13.951550617221383], [100.62241561581817, 13.951809285434283], [100.62171101408396, 13.952041165754656], [100.6210154388466, 13.952219548690085], [100.62021728644494, 13.952366623343552], [100.61951270143562, 13.952478149544058], [100.61891070261487, 13.952580719190168], [100.6182195299742, 13.952718903097729], [100.61761315802711, 13.952910658822034], [100.6169130602471, 13.952986523353843], [100.61641812377907, 13.953017665938155], [100.61571356768182, 13.953089006622912], [100.61511159356509, 13.953151479492341], [100.61441598199718, 13.953120238740944], [100.61351969286878, 13.95284827034695], [100.61291326580194, 13.95258961503546], [100.61231122399235, 13.952219496788821], [100.61251637136078, 13.951318783920913], [100.61271705197366, 13.950569628458506], [100.61291326580194, 13.949972114966915], [100.61301584009668, 13.949477137400685], [100.61311386136731, 13.948808301310395], [100.61321196865015, 13.948237542569979], [100.61341711801553, 13.947720259338041], [100.61351969286878, 13.947091581848051], [100.61361780058186, 13.94633795372855], [100.61371590839896, 13.945691401032395], [100.61391650570422, 13.94522768921848], [100.61401461383798, 13.944728210919038], [100.61411272207575, 13.944179741150025], [100.61411272207573, 13.94360011678122], [100.61411272207575, 13.943020407573574], [100.61401461383798, 13.942489801251078], [100.6289883192037, 13.931163623780316], [100.6291488234781, 13.930601838106062], [100.62934945421195, 13.930039954601257], [100.62959923363819, 13.929081235242256], [100.62985786388754, 13.928055686204058], [100.63001390162286, 13.927230672891758], [100.63118659891028, 13.92230789020508], [100.63131591615905, 13.92181291219017], [100.63136944753806, 13.92105486428968], [100.63136497942821, 13.920564358632019], [100.63301037544616, 13.917273568259816], [100.6337194453885, 13.91683212950133], [100.6344596267034, 13.916421894488856], [100.63704592537191, 13.913701834513802], [100.63717525079134, 13.913242516237963], [100.63716184562321, 13.910812318415509], [100.63725104158605, 13.910317315883194], [100.63728223441412, 13.909853580787582], [100.63697013474479, 13.907793517773749], [100.63427677198189, 13.902558474949496], [100.63382642502525, 13.901911916746085], [100.63343846331584, 13.901461585145018], [100.63270722650009, 13.900654471628679], [100.62884560123598, 13.898638990585182], [100.62788241106534, 13.898362492526152], [100.62733397282082, 13.898246546676123], [100.62675426260411, 13.898126205613805], [100.62315579278214, 13.89728340641739], [100.62232196645549, 13.896810735095352], [100.62166642356803, 13.89643170790119], [100.62084154585352, 13.895990241841407], [100.61835338252027, 13.894335899953576], [100.61796539967786, 13.893916796342246], [100.61520523563522, 13.890295962004195], [100.61495102770387, 13.889578047514279], [100.61481279867567, 13.887611627520574], [100.60965809440235, 13.890171091136049], [100.60914532858362, 13.890086446575244], [100.60862801269036, 13.889961580126228], [100.60814643560003, 13.889809923201716], [100.60756675961692, 13.88955578040705], [100.60180112283186, 13.884574949884113], [100.60152470428497, 13.884151306411928], [100.60124373401133, 13.883696522532436], [100.60074432885254, 13.882983089598774], [100.5975650005733, 13.878934213362498], [100.59739115166009, 13.878443690575287], [100.59692294655487, 13.877502815543172], [100.59567879170379, 13.874992360640928], [100.59546474894113, 13.874439438074807], [100.59528197124426, 13.873948877934055], [100.59513930525759, 13.873422703598806], [100.59506346304373, 13.872901040921912], [100.59494750960953, 13.872406091445898], [100.59400219393181, 13.869003778911408], [100.59329317057843, 13.865761982484848], [100.59324859376208, 13.865173433213068], [100.59298551368302, 13.86438857464716], [100.5927045693788, 13.863603798251956], [100.59247722070056, 13.858935129227504]]]}, "id": "00010000000000000fc4", "properties": {"ADM0_CODE": 240, "ADM0_NAME": "Thailand", "ADM1_CODE": 2853, "ADM1_NAME": "Bangkok", "ADM2_CODE": 26397, "ADM2_NAME": "Bang Khen", "DISP_AREA": "NO", "EXP2_YEAR": 3000, "STATUS": "Member State", "STR2_YEAR": 1000, "Shape_Area": 0.00699428977481, "Shape_Leng": 0.42510340406, "NAME_2": "Bang Khen", "NAME_1": "Bangkok"}}, {"type": "Feature", "geometry": {"type": "Polygon", "coordinates": [[[100.34671828173201, 13.651515575971972], [100.34707504754364, 13.65024027796418], [100.34721321437092, 13.649687329769343], [100.34741391213005, 13.648996175353124], [100.34761906459113, 13.64842543088869], [100.34781522333131, 13.647957259339814], [100.34811400218108, 13.647225910410222], [100.34841278202212, 13.646615069413459], [100.34861785109908, 13.646066575275094], [100.34891663261173, 13.645518084322434], [100.34931349617082, 13.64490715752664], [100.3496167343447, 13.64456827237268], [100.35001360098872, 13.644166962044856], [100.35041937816743, 13.643707733056099], [100.35081616268613, 13.643145821535], [100.3514181957297, 13.642476967989504], [100.35201123818938, 13.641678842205176], [100.35261319355594, 13.640715647264063], [100.3534158640771, 13.639578572834584], [100.3542184560838, 13.639395702580885], [100.3550166862842, 13.639177266012736], [100.35571229510039, 13.63892755251584], [100.35641681866464, 13.638646600567167], [100.35701880346136, 13.638356776991026], [100.35761188278049, 13.638035677483279], [100.35821387555845, 13.637705747827328], [100.35871769528829, 13.637366852273237], [100.35921269384728, 13.63702797810624], [100.35960951708466, 13.636698011851498], [100.36001533747385, 13.636368018325397], [100.36041216424391, 13.636046946452543], [100.36101417572019, 13.635427130526972], [100.36161610554359, 13.634878637810294], [100.3620130250307, 13.634419379773277], [100.36240986059202, 13.633848619876579], [100.36261941651738, 13.633317965208237], [100.3628156079109, 13.632867644722213], [100.36311443649547, 13.63219873382887], [100.3635157319435, 13.631717159810822], [100.36381447717355, 13.631217739336282], [100.3641132233931, 13.630758424218655], [100.36441642568697, 13.630397263795512], [100.36471525957514, 13.629826532509938], [100.3651121070257, 13.629438611690732], [100.36561596529597, 13.628858861859833], [100.36591471748167, 13.628488740259733], [100.36631602538733, 13.628087473170734], [100.36681543517787, 13.627677216179853], [100.3672167470899, 13.627258080225966], [100.36771170661814, 13.626856730077192], [100.36811747778407, 13.626486665174419], [100.36861244225301, 13.626156714786843], [100.36941508384582, 13.625648328026536], [100.37021773257703, 13.625296073764174], [100.37081081300789, 13.625059738008854], [100.3715153688355, 13.624859093192878], [100.37211736872239, 13.624640602189494], [100.37271928694115, 13.624346272312808], [100.37331238380746, 13.623949446701626], [100.37371818015205, 13.623686349815598], [100.37411498150857, 13.62338754042131], [100.37451187029316, 13.623030844988472], [100.37491767202859, 13.622638472071806], [100.37541258809988, 13.622228243892593], [100.375818393883, 13.621809024410098], [100.37621520446842, 13.621389921915167], [100.37661655817075, 13.620988587842026], [100.37701345794974, 13.620618474679164], [100.3775172969691, 13.620038768375885], [100.37791411501871, 13.619525964177617], [100.37821290790728, 13.619031043512258], [100.37861427048658, 13.618527119186401], [100.37891298000258, 13.617920717702098], [100.37911366262456, 13.617497123037882], [100.37941691530604, 13.616979796902127], [100.37961751335833, 13.616359995168267], [100.37991185603113, 13.615651018835543], [100.380219481567, 13.614857287666291], [100.38051828208052, 13.613987749152335], [100.38081254199763, 13.613069246601812], [100.38101322883905, 13.612101589478891], [100.3812183720403, 13.611089387404313], [100.38141451816826, 13.610059354062901], [100.38161520634668, 13.609007000325699], [100.3817133226337, 13.607959040383658], [100.3817133226337, 13.606920080632728], [100.38181143902727, 13.605916851462196], [100.38181143902727, 13.604949204759029], [100.38181143902727, 13.604048416057704], [100.3817133226337, 13.603210138778977], [100.3817133226337, 13.6024610162985], [100.38161520634668, 13.60180107233652], [100.38161520634668, 13.601221390705893], [100.38151709016618, 13.600699682773726], [100.38141451816826, 13.600209190836818], [100.38141451816826, 13.599749878342628], [100.38131648789643, 13.599290575478623], [100.38131648789643, 13.598809041544826], [100.3812183720403, 13.598278365300127], [100.3812183720403, 13.59770758871702], [100.38112025629069, 13.597087757810122], [100.38112025629069, 13.596450139425352], [100.38112025629069, 13.595799102590034], [100.38112025629069, 13.595170380183614], [100.38112025629069, 13.594581750984073], [100.38112025629069, 13.594037746351118], [100.3812183720403, 13.59317266741982], [100.38131648789643, 13.592441371384565], [100.38161520634668, 13.591790404413974], [100.38202095430292, 13.59128207166954], [100.38241787782567, 13.590858384267591], [100.38291283498906, 13.590372380159073], [100.38341670690797, 13.589868488080402], [100.38392058163603, 13.589431528000686], [100.38441554702905, 13.58895886305261], [100.38491942732543, 13.588450532143987], [100.38531627788306, 13.587951127368283], [100.38561055342278, 13.587531922580213], [100.38582016320038, 13.587081578557074], [100.38611444038041, 13.586622289925574], [100.38651129618412, 13.586131782210296], [100.38681894418379, 13.5854495436968], [100.38711331031116, 13.584981369544993], [100.38731392544668, 13.584379345882395], [100.38761711994773, 13.58363020413165], [100.38791594491802, 13.582702694363471], [100.38821468517858, 13.581579038823442], [100.38862046275874, 13.580312622486634], [100.38891474905317, 13.578921395165485], [100.389311617148, 13.57744990748008], [100.38971739965037, 13.575942775125858], [100.39011427126759, 13.574448931882012], [100.39052005737135, 13.572999697510335], [100.39081434984726, 13.571639666047167], [100.39121122627803, 13.57041346713871], [100.39151889026756, 13.569298709367281], [100.39181318599334, 13.56829979768921], [100.39211193912763, 13.56740352377435], [100.39241960618074, 13.566592011284651], [100.3927139048369, 13.565860701048193], [100.39291453239622, 13.565209638686532], [100.39321783137528, 13.564621114964764], [100.39341846005215, 13.56407261076045], [100.39361463264866, 13.563573174812595], [100.39381534790807, 13.563109448055284], [100.39401152136519, 13.562663513045537], [100.3942166083568, 13.562239947461734], [100.39441732495166, 13.561811861411494], [100.39461349971397, 13.561392679667936], [100.39481413148572, 13.560951270140656], [100.39501039281207, 13.560500896894288], [100.39511735112895, 13.56003265228955], [100.39531806972192, 13.559551079744045], [100.39551424643709, 13.559069524979721], [100.39561674872566, 13.558601298422541], [100.39591105778145, 13.557713914568664], [100.39621873775366, 13.556911272769574], [100.39651304876725, 13.556233520314592], [100.39690995019676, 13.55564043520505], [100.397217633565, 13.55510091717696], [100.3977125860248, 13.554592516035953], [100.39821645469436, 13.554102039837852], [100.39881846101432, 13.55364274654498], [100.3994159288191, 13.553210216235556], [100.40011599365961, 13.552840131245247], [100.40101679514417, 13.552541367160272], [100.40151168266665, 13.552421008113322], [100.40201557248153, 13.55231394969274], [100.40261760406399, 13.552242599562424], [100.40321509693945, 13.552180149867787], [100.40391519115404, 13.55216236816295], [100.4047178033739, 13.55216233716942], [100.40551596559483, 13.552193590856382], [100.40641673507935, 13.55225156306832], [100.40731742780517, 13.552331837046564], [100.40831627462317, 13.55244328277728], [100.40921707194981, 13.552581477773384], [100.41011779251312, 13.552750947330287], [100.41101852202874, 13.552942714655707], [100.41181228233377, 13.553152284888307], [100.41251235726155, 13.553384155943801], [100.41321689508587, 13.553611568914311], [100.4139169808613, 13.553852320561512], [100.41441193885194, 13.554084236021328], [100.41541077813444, 13.554472158580714], [100.41621340644758, 13.554721849515504], [100.41691788730736, 13.55472187476258], [100.41721217984929, 13.5541823137128], [100.4174128616788, 13.553459985426615], [100.4174128616788, 13.552991734710757], [100.41751993217446, 13.552483370868854], [100.4176180016585, 13.551921548878385], [100.41771607124859, 13.551332985264072], [100.41781422667, 13.55072203255592], [100.41801482410621, 13.550111148649506], [100.41821104997625, 13.549500276954184], [100.41851871996484, 13.54891165968744], [100.41881747546627, 13.548331956007196], [100.41911177417195, 13.547774568617484], [100.41951760448056, 13.547235075587018], [100.41991443523888, 13.546704411923656], [100.42021319533713, 13.546191621249921], [100.42051641426785, 13.545692235566484], [100.42081517634857, 13.545215077727462], [100.42111393941313, 13.54475133688597], [100.42122092854896, 13.544305384917267], [100.4215152350518, 13.543462649234234], [100.42161776675795, 13.542682305605144], [100.4215152350518, 13.541982242800103], [100.42141716135436, 13.541344539901758], [100.42122092854896, 13.54074256911502], [100.42081517634857, 13.540153987938385], [100.4204183416501, 13.539543083481053], [100.41981636327189, 13.53887421712467], [100.41951760448056, 13.538513036163659], [100.41921438888836, 13.538142895713273], [100.41891563207965, 13.537741646328708], [100.41851871996484, 13.537322466803687], [100.41811297985095, 13.536894423379163], [100.41781422667, 13.536421748306124], [100.4174128616788, 13.535944569161913], [100.41711411080409, 13.535431827067299], [100.41671729229742, 13.534901150707778], [100.41641400034294, 13.534352713421994], [100.41611525275876, 13.533772991269968], [100.41581650615882, 13.53318438594197], [100.4156202854699, 13.532573551438658], [100.41531262531441, 13.531931405733646], [100.4152145583235, 13.53128485330244], [100.41501833893717, 13.530624900197848], [100.41491581469104, 13.529964952039217], [100.41481766240682, 13.529313882605354], [100.41471959595125, 13.528671783869978], [100.41471959595125, 13.528074277482359], [100.41461252876204, 13.527494575524], [100.41451446252832, 13.52697285603325], [100.41441193885194, 13.526072184118746], [100.41421572120264, 13.52536312998475], [100.41401504644874, 13.524814699199428], [100.41371184925437, 13.524235018401663], [100.41341302485225, 13.523664214353062], [100.41311428715599, 13.523173711277414], [100.41291807231525, 13.522714461081152], [100.4126148787897, 13.522246268323967], [100.41221799425406, 13.521746803198424], [100.41181228233377, 13.521176027243923], [100.41151346419356, 13.520752420598447], [100.41111658448057, 13.52016385793699], [100.4108133969809, 13.519691138976267], [100.41051466785235, 13.519173903271843], [100.41011779251312, 13.518603197333116], [100.40991266950394, 13.517996702888471], [100.40961394334444, 13.517345694445156], [100.40941773608134, 13.516654525658282], [100.40931513245238, 13.515945517453494], [100.40921707194981, 13.515263321754988], [100.40911892583628, 13.514634520229373], [100.40901195097948, 13.514112864168215], [100.40881128774652, 13.513323569899892], [100.40841887712111, 13.512623537154195], [100.40811115569198, 13.5122221758377], [100.40781243547147, 13.511776284415507], [100.40751808772974, 13.511263500153166], [100.40731742780517, 13.510665988841787], [100.40721936946458, 13.510006023506868], [100.4071123111353, 13.50932379361765], [100.4071123111353, 13.508645984031451], [100.4071123111353, 13.508026178529962], [100.40721936946458, 13.507392940442507], [100.40731742780517, 13.506643820234384], [100.40731742780517, 13.506175642325793], [100.40731742780517, 13.505622731312696], [100.40741557196733, 13.504976118320348], [100.40741557196733, 13.504213598559572], [100.40741557196733, 13.503366437153971], [100.40741557196733, 13.502465637675776], [100.40741557196733, 13.501533755839596], [100.40751808772974, 13.500606227755567], [100.40751808772974, 13.49971441752627], [100.40751808772974, 13.49888505095187], [100.40761623210929, 13.498144775028392], [100.4077142908794, 13.497516057364235], [100.40781243547147, 13.496994360908227], [100.40791495168293, 13.496543977060872], [100.40811115569198, 13.495785957140889], [100.40841887712111, 13.495076934567164], [100.4087131420725, 13.494234203172947], [100.40891380508809, 13.49373472057395], [100.40911892583628, 13.493217464881559], [100.40919032819481, 13.49301682375724], [100.41702495721866, 13.494430369640433], [100.42154644034142, 13.49489861125108], [100.43272985535609, 13.49605797916078], [100.43689465613498, 13.496673327502766], [100.44190228996268, 13.498523827776255], [100.44538930119803, 13.49981247793777], [100.44835008577039, 13.500039901238107], [100.45051720413026, 13.50199296429047], [100.45462853352461, 13.50181911825356], [100.45495853876994, 13.501765588703595], [100.45491840293296, 13.502086654151187], [100.45491840293296, 13.502956170101937], [100.45482029318373, 13.503406534489356], [100.45482029318373, 13.50386585133499], [100.45482029318373, 13.504356342606975], [100.45471326448697, 13.504855761070322], [100.45471326448697, 13.50538639809781], [100.45461069543732, 13.505934831984355], [100.45451258601969, 13.506505634369303], [100.45451258601969, 13.507107594375634], [100.45441447670781, 13.50772742685586], [100.45431636750163, 13.508356144539263], [100.45421379889916, 13.508984878337825], [100.45411577566882, 13.50961359918559], [100.45401766678458, 13.510224475813096], [100.45391955800606, 13.510813063306086], [100.45381253036828, 13.511374945782832], [100.45381253036828, 13.511892200882915], [100.45371442181084, 13.512396067339447], [100.45371442181084, 13.512882151768354], [100.4536118538866, 13.513372624740237], [100.4536118538866, 13.513894329385382], [100.4536118538866, 13.514456180946194], [100.45351374554545, 13.515062641379926], [100.45351374554545, 13.515744846697583], [100.45341563731003, 13.516502925812773], [100.45331752918037, 13.517332331544512], [100.45321496170332, 13.518206256099296], [100.45301883174083, 13.519115983674954], [100.45292072403885, 13.520043466456247], [100.45271113066615, 13.52096204635604], [100.45261302329581, 13.521876132185636], [100.45241680887239, 13.522754540589373], [100.45221613546778, 13.523575054740505], [100.45201992189997, 13.524355413882027], [100.45191298225332, 13.525082218475715], [100.45171230995956, 13.52576445020526], [100.45161420366587, 13.52639317744837], [100.45141799139576, 13.526972898062333], [100.45131542605928, 13.527512463174203], [100.45121732019342, 13.528002898151222], [100.4510121900884, 13.528863525524995], [100.45091408454944, 13.529585894451118], [100.45081151978087, 13.530232509447108], [100.45071341445824, 13.530852290197961], [100.45061530924137, 13.531494457449043], [100.45041463980903, 13.532163315189806], [100.45031662067024, 13.532881171895077], [100.45021851588115, 13.533661571344574], [100.45012041119783, 13.534522104614192], [100.45001338802754, 13.534972530602719], [100.45001338802754, 13.535445205676266], [100.45001338802754, 13.535935650375432], [100.44991082427416, 13.536452959942935], [100.44991082427416, 13.536983560892223], [100.44981271992255, 13.53753204337531], [100.44981271992255, 13.53810280155415], [100.44971461567674, 13.538691442023335], [100.44961651153668, 13.539271114175175], [100.44961651153668, 13.539832909093724], [100.4495184075024, 13.540381404801293], [100.44941584430693, 13.54089420470274], [100.44931774048901, 13.541754789912773], [100.44921963677686, 13.542401371466248], [100.44901451117506, 13.542994439718719], [100.44891194854759, 13.543752445935425], [100.44891194854759, 13.544274194015626], [100.44881384527298, 13.544920789426738], [100.44871574210414, 13.545714507613766], [100.44861763904107, 13.546624167822866], [100.44851507686099, 13.547614072323617], [100.44851507686099, 13.548644101698045], [100.4484169740143, 13.549674165883415], [100.44831887127339, 13.550681939220402], [100.44821185022214, 13.55161387561547], [100.44811374770242, 13.552434380449366], [100.44811374770242, 13.55312106332492], [100.44801118609035, 13.553682874603595], [100.44791308378703, 13.55456132207966], [100.44781506734309, 13.555292641623641], [100.44781506734309, 13.556072985342539], [100.44781506734309, 13.556550096700732], [100.44771696525122, 13.557089697404228], [100.44781506734309, 13.55767375890579], [100.44781506734309, 13.558302540153864], [100.44781506734309, 13.558971396747442], [100.44781506734309, 13.55966255803959], [100.44791308378703, 13.560362670568981], [100.44801118609035, 13.56108499725456], [100.44801118609035, 13.561802914067174], [100.44811374770242, 13.562529765100994], [100.44821185022214, 13.563283377816216], [100.44831887127339, 13.564072598894443], [100.4484169740143, 13.564902012033148], [100.44851507686099, 13.565802779793593], [100.44861763904107, 13.566761474058847], [100.44871574210414, 13.567800425204336], [100.44881384527298, 13.568928595228769], [100.4489119485476, 13.570123596331943], [100.44891194854759, 13.571349829660909], [100.44901451117506, 13.572571672786617], [100.44901451117506, 13.573780068903359], [100.44901451117506, 13.57492156500606], [100.44911261466606, 13.575982882980458], [100.44911261466606, 13.5769193047407], [100.44921963677686, 13.577721934086838], [100.44921963677686, 13.57839968941514], [100.44931774048901, 13.578961535329835], [100.4495184075024, 13.579822182193016], [100.44971461567674, 13.580459799866997], [100.45001338802754, 13.581012769972899], [100.45031662067024, 13.581610250346115], [100.45071341445824, 13.582359404901355], [100.45091408454944, 13.582827551076518], [100.45111921443333, 13.583380548846012], [100.45141799139576, 13.584031546416826], [100.45171230995956, 13.584780668099894], [100.45201992189997, 13.5856189774361], [100.45241680887239, 13.586528637107394], [100.45271113066615, 13.587478432812906], [100.45311693954856, 13.588441572969424], [100.45341563731003, 13.589409230979086], [100.45381253036828, 13.590341214042764], [100.45411577566882, 13.591228527248163], [100.45431636750163, 13.592048982463112], [100.45461069543732, 13.592820441967437], [100.45482029318373, 13.593529427588612], [100.45501651278792, 13.594198287669379], [100.4551145369881, 13.59484044398376], [100.45531521678225, 13.595451262637726], [100.45541332706482, 13.596057781570895], [100.45551143745311, 13.59666865989164], [100.45551143745311, 13.597279495259825], [100.45561400751754, 13.597890452235129], [100.4557210372732, 13.598501310812964], [100.4557210372732, 13.599089934083585], [100.4557210372732, 13.599660696450497], [100.45581914799307, 13.600200222819328], [100.4559171730574, 13.600699670279814], [100.45611785462067, 13.601560256721312], [100.4563140770213, 13.602220175619014], [100.45671981620224, 13.602701767935262], [100.45711672366481, 13.603031758191547], [100.45762057908301, 13.603241337207471], [100.45812443728899, 13.603326041098882], [100.45666630072166, 13.609421665067892], [100.456644088376, 13.61001476025029], [100.45652813830426, 13.610937744055468], [100.45658165370364, 13.612382480747343], [100.45574779473176, 13.615651003602194], [100.4555292757169, 13.616480404213165], [100.45476677881963, 13.619945176438504], [100.45467312875813, 13.620408866414394], [100.45461069543732, 13.620966237882818], [100.45453042408776, 13.621693096556205], [100.45438326013074, 13.625278194065688], [100.45440109817346, 13.626129926866469], [100.45424055591475, 13.626954861042172], [100.45297869675906, 13.629117510086187], [100.4521626226346, 13.647109978124025], [100.45200208432387, 13.647769952286488], [100.45220275725654, 13.65302279397671], [100.45227856714625, 13.653482057008942], [100.45225627011331, 13.654106314468308], [100.45226072951947, 13.654730576010312], [100.45223843249089, 13.655221108855713], [100.45283599474494, 13.6640813508235], [100.45292072403885, 13.664870612238591], [100.45303221007202, 13.665588474099152], [100.45300991285445, 13.666212789378958], [100.45298761564237, 13.666903978930774], [100.45519926840278, 13.676615820404676], [100.4513778571199, 13.67873397045563], [100.45041463980903, 13.682238793706418], [100.44931774048901, 13.683772695847802], [100.44758764901906, 13.686207370373864], [100.44478732880977, 13.686301032002136], [100.44427454065875, 13.686046860763579], [100.44271827204997, 13.685257629887113], [100.44048428554946, 13.684254328445304], [100.43983321310682, 13.683942172661084], [100.43931599412397, 13.6837548843904], [100.43623923652808, 13.681485162649679], [100.43283248546847, 13.679848736425974], [100.43201642066198, 13.679639106526768], [100.43149470204689, 13.679616793693816], [100.42735218257704, 13.678684920596258], [100.42670566239808, 13.678600119161112], [100.42506473409739, 13.678403971816367], [100.42424865337212, 13.67845303155453], [100.4213547508748, 13.677066262864475], [100.42086867072456, 13.676718384779393], [100.42034693044883, 13.676268071212277], [100.41647203549712, 13.673097616338463], [100.41578530284045, 13.67287914414641], [100.41513869363492, 13.672830057571469], [100.40999735876362, 13.671523609232812], [100.4093106751545, 13.671113364142286], [100.40730851340618, 13.669869274887825], [100.40468660387667, 13.668183660213055], [100.40427192586534, 13.667929524275637], [100.40388399193328, 13.667541546760235], [100.39891651025879, 13.664393476378999], [100.3951128945299, 13.664999862075394], [100.39466697862203, 13.66517385059662], [100.39418986903192, 13.665218356485147], [100.38817012259861, 13.664424686201952], [100.38742096035935, 13.664273094460498], [100.38445119561075, 13.662266478989544], [100.37928752508573, 13.659742632357865], [100.37864100520508, 13.659626715167073], [100.3740079623573, 13.658146238351936], [100.37338812775023, 13.65806153322244], [100.37222884110322, 13.65798570493368], [100.37168030578069, 13.65793226898239], [100.36481335749795, 13.657316907097593], [100.36398394078088, 13.656906650654001], [100.36223594496484, 13.654249041591484], [100.36178556502024, 13.653865518754174], [100.35713916663606, 13.653763009496622], [100.35666653863808, 13.653941348403443], [100.34671828173201, 13.651515575971972]]]}, "id": "00010000000000000fc5", "properties": {"ADM0_CODE": 240, "ADM0_NAME": "Thailand", "ADM1_CODE": 2853, "ADM1_NAME": "Bangkok", "ADM2_CODE": 26398, "ADM2_NAME": "Bang Khun Thian", "DISP_AREA": "NO", "EXP2_YEAR": 3000, "STATUS": "Member State", "STR2_YEAR": 1000, "Shape_Area": 0.0112544039894, "Shape_Leng": 0.553054856533, "NAME_2": "Bang Khun Thian", "NAME_1": "Bangkok"}}, {"type": "Feature", "geometry": {"type": "Polygon", "coordinates": [[[100.51825542261913, 13.716119074713234], [100.52026208331374, 13.714687702893604], [100.52083726205835, 13.714250633679196], [100.52346809428317, 13.712877249152367], [100.52737431649048, 13.713390090283465], [100.53186908529806, 13.714674313787958], [100.53398711371024, 13.715222781267963], [100.5380315541713, 13.715918370177464], [100.53892341855577, 13.716065537350167], [100.5412198160708, 13.716613957170356], [100.54454184826807, 13.71726948777186], [100.54525976775165, 13.717488002505945], [100.55021831253246, 13.719824551164587], [100.54957615903841, 13.720328390706959], [100.54863525774198, 13.72113551561776], [100.54833204233228, 13.721505613028148], [100.54732436478433, 13.722250296861455], [100.54661535718961, 13.72242869879882], [100.54419847132797, 13.72290133701512], [100.54107714795552, 13.723592528440113], [100.53853542644046, 13.724564582732443], [100.53708622171654, 13.725353837081638], [100.53299727525258, 13.727641366463386], [100.52897065174238, 13.729402716532052], [100.52633537027653, 13.730972322225412], [100.52566643418442, 13.731311195973326], [100.52345925434078, 13.731886380204445], [100.52279480208118, 13.729563240170584], [100.5221170520058, 13.7259647310487], [100.52198771619882, 13.724618089871202], [100.52166665178926, 13.723833265325347], [100.52121179101171, 13.72311983794759], [100.52082833654742, 13.72266942632319], [100.5187548952565, 13.721077578609385], [100.51894215528715, 13.718210340463843], [100.51843830481013, 13.717033175371], [100.51825542261913, 13.716119074713234]]]}, "id": "00010000000000000fc6", "properties": {"ADM0_CODE": 240, "ADM0_NAME": "Thailand", "ADM1_CODE": 2853, "ADM1_NAME": "Bangkok", "ADM2_CODE": 26399, "ADM2_NAME": "Bang Rak", "DISP_AREA": "NO", "EXP2_YEAR": 3000, "STATUS": "Member State", "STR2_YEAR": 1000, "Shape_Area": 0.000321123441097, "Shape_Leng": 0.0810845034619, "NAME_2": "Bang Rak", "NAME_1": "Bangkok"}}, {"type": "Feature", "geometry": {"type": "Polygon", "coordinates": [[[100.51331473791471, 13.815249315810252], [100.51521436240897, 13.81463844376733], [100.51671702967487, 13.814165781417492], [100.5177158750816, 13.813817954827977], [100.51841599161851, 13.813577149500977], [100.51901347210888, 13.813256111875337], [100.51841599161851, 13.812257220286185], [100.51781396659582, 13.811677584476818], [100.5173190474904, 13.811249459216041], [100.5169132964882, 13.810906159155392], [100.52197879057587, 13.806892976491817], [100.52231770738796, 13.806455947063625], [100.52247819768041, 13.805960978268683], [100.5226298483914, 13.805332270177805], [100.52346809428317, 13.802585424672868], [100.52358850639895, 13.80166244387832], [100.52374908474097, 13.799325901164366], [100.52374908474097, 13.79751548670613], [100.52377131340587, 13.797056171670734], [100.52385610851687, 13.795999343177483], [100.52387387430412, 13.795013902264893], [100.52952356921985, 13.794304947439485], [100.53024154294462, 13.794389654859009], [100.5309237304769, 13.794371807390739], [100.53586441990457, 13.793943740884927], [100.53644416000449, 13.793930377567326], [100.53695695064185, 13.793854545129744], [100.53926668993783, 13.793444266256834], [100.54075610258597, 13.7929537959424], [100.54368572610103, 13.790528040714882], [100.54711026262883, 13.7983225971008], [100.54796641670048, 13.800413849722402], [100.54997304027411, 13.805408108960169], [100.55019599161385, 13.806157179974685], [100.55043680027204, 13.811847024442988], [100.55037885160682, 13.81253818610751], [100.54468452176404, 13.81469191547901], [100.55022277671685, 13.842414145212512], [100.54472916092982, 13.844612480197574], [100.54271810218773, 13.84294479853439], [100.53901698327138, 13.839894723759793], [100.53501721968026, 13.836514751307718], [100.53091480398425, 13.832987641833139], [100.52691505017411, 13.829558602614636], [100.52341462551838, 13.8264149382723], [100.52041810727177, 13.823757292571903], [100.51801461255738, 13.821558973102787], [100.51621319143327, 13.819766367562753], [100.51491554824709, 13.818348373490293], [100.51401482081813, 13.817229131330834], [100.51351099743867, 13.816377488176066], [100.51331473791471, 13.815739778148085], [100.51331473791471, 13.815249315810252]]]}, "id": "00010000000000000fc7", "properties": {"ADM0_CODE": 240, "ADM0_NAME": "Thailand", "ADM1_CODE": 2853, "ADM1_NAME": "Bangkok", "ADM2_CODE": 26400, "ADM2_NAME": "Bang Su", "DISP_AREA": "NO", "EXP2_YEAR": 3000, "STATUS": "Member State", "STR2_YEAR": 1000, "Shape_Area": 0.00116204878152, "Shape_Leng": 0.155690929916, "NAME_2": "Bang Su", "NAME_1": "Bangkok"}}, {"type": "Feature", "geometry": {"type": "Polygon", "coordinates": [[[100.59587058887035, 13.795138767445238], [100.59622283360672, 13.788164726978886], [100.59621390078041, 13.787705476749657], [100.59620496795498, 13.787183768745141], [100.59626741185858, 13.786586219759878], [100.59711466041124, 13.78082062604973], [100.59723508302802, 13.779995635512346], [100.5973287069969, 13.779402616354083], [100.5974178645894, 13.77877830414666], [100.59751148874352, 13.778118387506607], [100.59757393353024, 13.777556558529394], [100.59836768173919, 13.774189921871555], [100.59862631061792, 13.773556733922145], [100.59878684813727, 13.773030543393954], [100.599121237777, 13.770720716189349], [100.59925059612817, 13.76664513643371], [100.59923719644992, 13.765628392448425], [100.59922826333215, 13.765066567858266], [100.59939773503062, 13.76151717481052], [100.59942444854009, 13.761057874976698], [100.59999969277021, 13.758645498958566], [100.60019141301058, 13.75814602262151], [100.60062398755885, 13.757316674729598], [100.60179227536402, 13.754199718167873], [100.60209102819353, 13.75366912324288], [100.60266173639795, 13.75283523350508], [100.60439192118352, 13.750596798922473], [100.60475751297746, 13.750195451265117], [100.60651445254233, 13.748844365002112], [100.60692016919037, 13.748541139053975], [100.60728585688341, 13.748269119711649], [100.6083293246421, 13.747488781251736], [100.60870386603537, 13.747185597912567], [100.6094039017104, 13.746445403192757], [100.60974279681984, 13.746044090074841], [100.61010849567292, 13.745642753134009], [100.60721447164582, 13.742423292198794], [100.6053639724778, 13.740126846524081], [100.61238261316318, 13.739382137796905], [100.61394330931714, 13.738757909456952], [100.61580721036098, 13.738222763426919], [100.61648496281425, 13.737879462525697], [100.61928528683569, 13.737656514574082], [100.61975798679265, 13.737710010973895], [100.62295517545834, 13.738793566633282], [100.6235348619051, 13.739007573032726], [100.62405208927585, 13.73922611179913], [100.6249483944412, 13.739538196579588], [100.62970620852093, 13.740514766267957], [100.63057129186741, 13.740791206272887], [100.63104843157736, 13.740947286606302], [100.63777719639509, 13.743266022718625], [100.63883845190439, 13.743471142206577], [100.63936014722084, 13.74359152610866], [100.643828148177, 13.741950636080905], [100.64451487114087, 13.741736528894737], [100.64539332706752, 13.741553777647749], [100.64594178615624, 13.741442274027612], [100.64648577964654, 13.741366450384712], [100.64709672337048, 13.741219275983486], [100.65106086520727, 13.737946296928763], [100.65146660500311, 13.737380016707482], [100.65186349432122, 13.73687611393567], [100.65219790367907, 13.736345541999253], [100.65262599410472, 13.735712299880161], [100.65296040620692, 13.735239625325557], [100.6549090617545, 13.73319741534077], [100.65565370941067, 13.733112708266452], [100.65633596454317, 13.733130532612655], [100.65699149456849, 13.733246463536888], [100.65749979781205, 13.733268781488675], [100.66417503815696, 13.732631054184127], [100.66535229281374, 13.73336239057083], [100.66586949533823, 13.73371019128558], [100.66670336904902, 13.734414761924322], [100.66925841631257, 13.736265285437037], [100.66971770303722, 13.736813763361187], [100.670136848206, 13.737326496900998], [100.67349454763058, 13.739881589664071], [100.67387365033427, 13.740171385289878], [100.6743240194749, 13.74048798558169], [100.68090117001196, 13.741692011900655], [100.68131142448952, 13.741977384904857], [100.68389318050683, 13.744978382005018], [100.68212291178966, 13.747181167657953], [100.68057121392825, 13.747939171524488], [100.6797863908248, 13.74822008408145], [100.67765049155949, 13.748755199796895], [100.67675866387088, 13.749990358666977], [100.67610763676906, 13.75026684132593], [100.67514000209529, 13.754797304094474], [100.67508644549464, 13.755421595691868], [100.67472977479366, 13.756317796236685], [100.67436407913748, 13.757017943829807], [100.67114466109011, 13.763068869251152], [100.67080571359112, 13.763505942507303], [100.6700967903622, 13.763978572527492], [100.67114466109011, 13.77016337755396], [100.66979799033729, 13.769699588465517], [100.66815254432456, 13.769240342112457], [100.66509364965144, 13.767929311838083], [100.66129892397464, 13.765811250300057], [100.65968474267514, 13.768932652310525], [100.65773168952846, 13.771964847104284], [100.65749979781205, 13.772397382370347], [100.65720550760079, 13.772896734188558], [100.65406180024408, 13.778158492105462], [100.6536961858248, 13.778595475299467], [100.65316108842407, 13.779068180061193], [100.65264825382948, 13.779273298882659], [100.6482069857301, 13.780682403350356], [100.64829172338236, 13.781600960880636], [100.64810892734663, 13.782755839157375], [100.64809552059936, 13.783447025347762], [100.64702539339943, 13.788173618321764], [100.64693618804286, 13.788735466625813], [100.64690946082844, 13.789328528732694], [100.64669091672384, 13.79038533945718], [100.64653038209778, 13.791045290279284], [100.64352496388224, 13.79791678438121], [100.64322624925867, 13.79858122383018], [100.64279811622413, 13.799316985843967], [100.64237007109969, 13.799950164338105], [100.63851294163648, 13.805095975341061], [100.63814730250468, 13.805564123472582], [100.63775047181792, 13.806130464186298], [100.63768799992637, 13.811887107131206], [100.63519087733721, 13.810032128188706], [100.63105728184189, 13.809786896080169], [100.63006743225006, 13.809577312672005], [100.62957689351762, 13.809225087689123], [100.62733397282082, 13.809470349385878], [100.62668741615751, 13.809581785396574], [100.62547456535475, 13.808520542692534], [100.62515348389164, 13.807637666338028], [100.62425270897516, 13.80525198940986], [100.62363289431286, 13.805100439102054], [100.62186265636521, 13.803490692486267], [100.62161298371016, 13.803071542146379], [100.62136769343988, 13.802581015493043], [100.62111802211915, 13.801961219028229], [100.62161298371016, 13.799120743410068], [100.6218046628289, 13.798590136820168], [100.62207220664577, 13.7981932837033], [100.62193843464073, 13.794969337137417], [100.62162630071366, 13.79458135892454], [100.61998540255348, 13.789020861775429], [100.61907127534414, 13.787821355308424], [100.6184558769306, 13.787473586241507], [100.61306042644618, 13.787384375103821], [100.61214628171443, 13.787700976208644], [100.61092451530936, 13.787888292928933], [100.60705400539229, 13.790929371267564], [100.60668831861605, 13.791263803750887], [100.60624686779583, 13.791638334703464], [100.60557357130371, 13.792142255084112], [100.60069081518152, 13.79566497414051], [100.60001309255902, 13.795807669962265], [100.59929517584095, 13.795691698754473], [100.59587058887035, 13.795138767445238]]]}, "id": "00010000000000000fc8", "properties": {"ADM0_CODE": 240, "ADM0_NAME": "Thailand", "ADM1_CODE": 2853, "ADM1_NAME": "Bangkok", "ADM2_CODE": 26401, "ADM2_NAME": "Bangkapi", "DISP_AREA": "NO", "EXP2_YEAR": 3000, "STATUS": "Member State", "STR2_YEAR": 1000, "Shape_Area": 0.00375942026536, "Shape_Leng": 0.308412435955, "NAME_2": "Bangkapi", "NAME_1": "Bangkok"}}, {"type": "Feature", "geometry": {"type": "Polygon", "coordinates": [[[100.49633005732495, 13.688619764410843], [100.49670457182796, 13.686898553778946], [100.49722185910177, 13.685373563629234], [100.49752061550002, 13.684775983149068], [100.49969662455806, 13.682822909031474], [100.50048146257896, 13.682680233451135], [100.50558268770988, 13.682283363114752], [100.50755363130989, 13.68141828062782], [100.51680181825974, 13.679821953998333], [100.51825095998929, 13.679166440336356], [100.52035571482104, 13.678600119940851], [100.52099774975886, 13.678421818489024], [100.52365098687487, 13.678105201671261], [100.52628181401248, 13.683977798817697], [100.5266341358426, 13.684361341078766], [100.52716026085152, 13.685012341027711], [100.52903751320993, 13.687112551206702], [100.53084347790582, 13.69053271484819], [100.53105307888626, 13.69095636232407], [100.53144103937628, 13.691767854488328], [100.5316907254353, 13.692191533978425], [100.53778185086357, 13.696909208582941], [100.537023817928, 13.698402995087376], [100.53620330218351, 13.699932520762863], [100.53591351827276, 13.70085997589054], [100.53080777197161, 13.697671755363002], [100.52991598643987, 13.697426442292631], [100.52596966057666, 13.698260341807577], [100.52535883164536, 13.69850556328113], [100.5247479209569, 13.698746341150876], [100.52431535951393, 13.698951506886637], [100.52248266051608, 13.699647155477916], [100.52048496250339, 13.700342701039935], [100.52007919748324, 13.700583515857248], [100.52060537070079, 13.704917788438644], [100.51762224627143, 13.706915494869248], [100.51496017293077, 13.707958883673962], [100.51214645752336, 13.704819698189768], [100.51176295518495, 13.704436189064348], [100.50968954744522, 13.703027113672505], [100.50933720494855, 13.70270609947564], [100.50692044313841, 13.700975951537561], [100.50567630421098, 13.700079652567444], [100.50508774889958, 13.699696165296281], [100.50257276659327, 13.698068608999872], [100.50188607088411, 13.697587019339698], [100.49766330162568, 13.69484019117322], [100.49742254573036, 13.694385358910413], [100.497110404854, 13.69393051787802], [100.49669564866961, 13.691866020220715], [100.49633005732495, 13.688619764410843]]]}, "id": "00010000000000000fc9", "properties": {"ADM0_CODE": 240, "ADM0_NAME": "Thailand", "ADM1_CODE": 2853, "ADM1_NAME": "Bangkok", "ADM2_CODE": 26402, "ADM2_NAME": "Bangkho Laem", "DISP_AREA": "NO", "EXP2_YEAR": 3000, "STATUS": "Member State", "STR2_YEAR": 1000, "Shape_Area": 0.000684795956196, "Shape_Leng": 0.116338494663, "NAME_2": "Bangkho Laem", "NAME_1": "Bangkok"}}, {"type": "Feature", "geometry": {"type": "Polygon", "coordinates": [[[100.45906981144987, 13.764076676697584], [100.4594443445965, 13.760580738577632], [100.45963165462975, 13.759720092567317], [100.45983234437853, 13.759256372349276], [100.46196817382716, 13.754904294511432], [100.46226698638917, 13.75420870907091], [100.46281992944085, 13.753276685491038], [100.463158798479, 13.752875409093251], [100.4654329673916, 13.7482870295378], [100.46588772221358, 13.747292594544431], [100.4664852882518, 13.746458786183098], [100.46943723789703, 13.739689870065323], [100.4714571518214, 13.738432341149517], [100.4729821740161, 13.737973126427578], [100.47526525169515, 13.73779472388468], [100.47977341708098, 13.73797311475013], [100.48052256923542, 13.73792404988024], [100.4812716417532, 13.737941889033527], [100.48502172912089, 13.738097922853793], [100.48561032684012, 13.738316414656566], [100.4866404034242, 13.738789070449924], [100.48771064187949, 13.739292977175742], [100.49168363110849, 13.742378722745828], [100.49275384284468, 13.743176823412876], [100.49320864801913, 13.74376099995382], [100.49403358338346, 13.745451024920904], [100.49419410989275, 13.746931420928652], [100.49434571375497, 13.749495449240252], [100.49649951100514, 13.753468442171453], [100.49597776627405, 13.754659003805648], [100.49491206408008, 13.75616177680907], [100.49276722700539, 13.756567501233276], [100.48998473647042, 13.75691978931083], [100.485704008681, 13.758056873417605], [100.48512433238558, 13.758266428635915], [100.4845134328751, 13.758440328582791], [100.4801122633376, 13.76185158296092], [100.47800311596713, 13.766105561224443], [100.47780693265425, 13.766667437436361], [100.47761521041011, 13.767229212995472], [100.47577804277991, 13.769307200739327], [100.47561754863939, 13.769837816036429], [100.47509583740846, 13.771327132375491], [100.47332554126812, 13.775344843142596], [100.47258982940541, 13.774140879496258], [100.47183173587676, 13.773628041430234], [100.46990093323417, 13.772812029499951], [100.46907604436541, 13.772499923691157], [100.46666806687655, 13.771295926782987], [100.46615532701688, 13.771041760900324], [100.46239632347364, 13.768816716162465], [100.46163376908247, 13.76833509407658], [100.46052344092203, 13.767501246554275], [100.4602113404562, 13.76714453469444], [100.4591144088585, 13.764767794031004], [100.45906981144987, 13.764076676697584]]]}, "id": "00010000000000000fca", "properties": {"ADM0_CODE": 240, "ADM0_NAME": "Thailand", "ADM1_CODE": 2853, "ADM1_NAME": "Bangkok", "ADM2_CODE": 26403, "ADM2_NAME": "Bangkok Noi", "DISP_AREA": "NO", "EXP2_YEAR": 3000, "STATUS": "Member State", "STR2_YEAR": 1000, "Shape_Area": 0.00080656483984, "Shape_Leng": 0.116896912273, "NAME_2": "Bangkok Noi", "NAME_1": "Bangkok"}}, {"type": "Feature", "geometry": {"type": "Polygon", "coordinates": [[[100.46943723789703, 13.739689870065323], [100.466124106416, 13.730606629639976], [100.46949959560479, 13.724519942404571], [100.47007042364623, 13.724078544000173], [100.47319172824577, 13.72118905353387], [100.47659853166647, 13.719672966745614], [100.47789168516617, 13.71912004439327], [100.4796084551688, 13.718950603135944], [100.48127610257909, 13.71911553003542], [100.48335856000642, 13.719106647303784], [100.48384008411215, 13.71912894027262], [100.4857620022497, 13.719744263635631], [100.48644866262873, 13.720190207191385], [100.48866927733488, 13.721889129472695], [100.491081696136, 13.726771865226906], [100.49352969842211, 13.731917629114205], [100.49389090292264, 13.732796033194019], [100.49456870144327, 13.734294315447654], [100.49579492895492, 13.73584165450721], [100.49546048603902, 13.736180499527418], [100.49494329452881, 13.737473698331351], [100.4945597784934, 13.73886490921494], [100.49447063484001, 13.739359879930818], [100.49396674746939, 13.741700915807389], [100.49394444024323, 13.742231508613365], [100.49403358338346, 13.745451024920904], [100.49320864801913, 13.74376099995382], [100.49275384284468, 13.743176823412876], [100.49168363110849, 13.742378722745828], [100.48771064187949, 13.739292977175742], [100.4866404034242, 13.738789070449924], [100.48561032684012, 13.738316414656566], [100.48502172912089, 13.738097922853793], [100.4812716417532, 13.737941889033527], [100.48052256923542, 13.73792404988024], [100.47977341708098, 13.73797311475013], [100.47526525169515, 13.73779472388468], [100.4729821740161, 13.737973126427578], [100.4714571518214, 13.738432341149517], [100.46943723789703, 13.739689870065323]]]}, "id": "00010000000000000fcb", "properties": {"ADM0_CODE": 240, "ADM0_NAME": "Thailand", "ADM1_CODE": 2853, "ADM1_NAME": "Bangkok", "ADM2_CODE": 26404, "ADM2_NAME": "Bangkok Yai", "DISP_AREA": "NO", "EXP2_YEAR": 3000, "STATUS": "Member State", "STR2_YEAR": 1000, "Shape_Area": 0.000454132115497, "Shape_Leng": 0.0919744144884, "NAME_2": "Bangkok Yai", "NAME_1": "Bangkok"}}, {"type": "Feature", "geometry": {"type": "Polygon", "coordinates": [[[100.5169132964882, 13.810906159155392], [100.5160125494166, 13.810148086432037], [100.51561564338547, 13.809849346415785], [100.51521436240897, 13.809479235480138], [100.51481745983608, 13.809046714882873], [100.51431363204172, 13.808578476939768], [100.51381864603023, 13.808087954298703], [100.51331473791471, 13.807588564774681], [100.51281538075116, 13.80712039460509], [100.5123159404961, 13.806687831640398], [100.51191905048309, 13.806317703236429], [100.5113126058655, 13.805787116334024], [100.510915806014, 13.805416983009094], [100.51041637611917, 13.805046898303216], [100.50981886589122, 13.804476131960978], [100.50941306230285, 13.804088145826961], [100.50891810278014, 13.803628857028109], [100.5084142216321, 13.803120559722144], [100.50781226235013, 13.802585498189003], [100.50731731148272, 13.802059276065517], [100.50671527360534, 13.80154646835198], [100.50621586662652, 13.801087192845221], [100.50581454103438, 13.80069927273881], [100.50541767920643, 13.800369277455221], [100.50471311426385, 13.799736084876136], [100.50421818015671, 13.799299128274521], [100.50351808636151, 13.798697155643255], [100.50271546060063, 13.797867729891026], [100.50152045879015, 13.796748512760635], [100.50001323600272, 13.795259182832295], [100.49901441213247, 13.794848906006083], [100.49811366957657, 13.794590262577128], [100.49731546704689, 13.794438647097559], [100.49661096450828, 13.79438964095137], [100.49591976622143, 13.79439852650329], [100.49531334183942, 13.79444757844886], [100.49471138296207, 13.794496611958582], [100.49411835095452, 13.794527896179126], [100.49351631414976, 13.794518988641805], [100.49291436710642, 13.794469935360867], [100.49231688539268, 13.794371822389905], [100.49171486045414, 13.79424693863314], [100.49111292527593, 13.79408644643809], [100.49051536954615, 13.79389914980016], [100.48991335647615, 13.793689528911665], [100.4893203556028, 13.79346660507925], [100.48871388921728, 13.793230294803967], [100.48811188801754, 13.792989515432597], [100.48751889883741, 13.792726358030716], [100.4868143002342, 13.792449918948797], [100.4862123115533, 13.792160092236035], [100.48541412717886, 13.7918568552521], [100.48461148879139, 13.791540280311505], [100.48381777935849, 13.791201416944297], [100.482818960917, 13.790849084748142], [100.48181123169746, 13.79048787937358], [100.48081234942316, 13.790131176551556], [100.47971542731605, 13.789778928413096], [100.47871210727554, 13.789448932288918], [100.4778158539676, 13.789141311299767], [100.47704442093249, 13.788904958690049], [100.4731293680133, 13.782849459020229], [100.47332554126812, 13.780673418133427], [100.47341028961716, 13.779786060495661], [100.47332554126812, 13.775344843142596], [100.47509583740846, 13.771327132375491], [100.47561754863939, 13.769837816036429], [100.47577804277991, 13.769307200739327], [100.47761521041011, 13.767229212995472], [100.47780693265425, 13.766667437436361], [100.47800311596713, 13.766105561224443], [100.4801122633376, 13.76185158296092], [100.4845134328751, 13.758440328582791], [100.48512433238558, 13.758266428635915], [100.485704008681, 13.758056873417605], [100.48998473647042, 13.75691978931083], [100.49276722700539, 13.756567501233276], [100.49491206408008, 13.75616177680907], [100.49597776627405, 13.754659003805648], [100.49649951100514, 13.753468442171453], [100.49846596885685, 13.756705740763955], [100.50032984854337, 13.761040023785496], [100.50102991794063, 13.762078970170691], [100.50207338222258, 13.76343899180423], [100.50242561094989, 13.76385817890493], [100.50277792683865, 13.76437986862029], [100.50482912555835, 13.76650690847118], [100.50641657298688, 13.770912437618673], [100.50687582237272, 13.771460959902306], [100.50798165148983, 13.772392932053467], [100.50889579190769, 13.773819770689688], [100.51022458546595, 13.775304727328566], [100.51039852712866, 13.77575948894628], [100.51121452131315, 13.777257729394053], [100.51215984452143, 13.778782795199612], [100.51268605807329, 13.779629973614835], [100.5133593618185, 13.780602059677562], [100.51388549644663, 13.781444883028911], [100.51409952108608, 13.781868444970888], [100.51577174524964, 13.783607567139633], [100.51658770148853, 13.785368902103711], [100.51673041734095, 13.785823714655965], [100.5169132964882, 13.786247311990124], [100.51709162760838, 13.786804686933221], [100.52062768442545, 13.789952834069892], [100.52164433781168, 13.791246009339066], [100.5226298483914, 13.79244096909673], [100.52387387430412, 13.795013902264893], [100.52385610851687, 13.795999343177483], [100.52377131340587, 13.797056171670734], [100.52374908474097, 13.79751548670613], [100.52374908474097, 13.799325901164366], [100.52358850639895, 13.80166244387832], [100.52346809428317, 13.802585424672868], [100.5226298483914, 13.805332270177805], [100.52247819768041, 13.805960978268683], [100.52231770738796, 13.806455947063625], [100.52197879057587, 13.806892976491817], [100.5169132964882, 13.810906159155392]]]}, "id": "00010000000000000fcc", "properties": {"ADM0_CODE": 240, "ADM0_NAME": "Thailand", "ADM1_CODE": 2853, "ADM1_NAME": "Bangkok", "ADM2_CODE": 26405, "ADM2_NAME": "Bangphlat", "DISP_AREA": "NO", "EXP2_YEAR": 3000, "STATUS": "Member State", "STR2_YEAR": 1000, "Shape_Area": 0.00146851252827, "Shape_Leng": 0.165564549993, "NAME_2": "Bangphlat", "NAME_1": "Bangkok"}}, {"type": "Feature", "geometry": {"type": "Polygon", "coordinates": [[[100.68389318050683, 13.744978382005018], [100.68471371760707, 13.747029548675927], [100.68564559996453, 13.747502232493698], [100.68800453597733, 13.747515605906584], [100.6905907763303, 13.747359499395564], [100.69127750053578, 13.747377350833455], [100.69192407658791, 13.747591374464532], [100.69592383372407, 13.74930816078865], [100.69640543606309, 13.749593532144536], [100.6968558280727, 13.74994574048289], [100.70121678068229, 13.753593294749558], [100.70153786683474, 13.753981305734998], [100.70198828360321, 13.754627852555522], [100.70761119484837, 13.757758117057795], [100.70825771202344, 13.757807213878968], [100.70881066920798, 13.757927531351143], [100.70942606366295, 13.757914161881525], [100.71520947311956, 13.755323440794681], [100.71569994718844, 13.75570689595944], [100.71702431742568, 13.757414791126319], [100.71856716058413, 13.75958185706733], [100.71891944050975, 13.760166043500947], [100.72069419121601, 13.76393842723977], [100.721086558867, 13.764553826633577], [100.72126941204318, 13.765111170664797], [100.72131396428229, 13.765664105386824], [100.72142104455764, 13.77183994323898], [100.72170194809516, 13.772361718039425], [100.72174650054018, 13.77288337832993], [100.72147454173708, 13.774631369851166], [100.72039987355375, 13.777155203221962], [100.71997181588249, 13.778149622730842], [100.71977116183545, 13.778711432343314], [100.71743903089086, 13.7833310663416], [100.71710017321452, 13.783701175641726], [100.71680586685817, 13.784066806128122], [100.71633318973865, 13.784637594042591], [100.71306467907054, 13.78891389747406], [100.71277038541342, 13.789315212996955], [100.71219513084922, 13.790019677106196], [100.70881514103682, 13.79360929790301], [100.7081239880323, 13.794969301738687], [100.70788767111901, 13.796717307759621], [100.70793221698344, 13.797207773008974], [100.70774938988357, 13.800271226908158], [100.70765574058102, 13.80096234140978], [100.7075665631414, 13.801555405125224], [100.70665690652142, 13.804302189843867], [100.70612184887959, 13.804872939119901], [100.70575173043927, 13.80517619765349], [100.70534592614851, 13.805479450248402], [100.70259916159166, 13.808235117312048], [100.70245203112529, 13.809782465558174], [100.70242967350603, 13.810308626234116], [100.70198828360321, 13.812225997379345], [100.70176083920177, 13.812658575727133], [100.69809549213983, 13.815860199586643], [100.69749350020139, 13.816497879746517], [100.69709211707516, 13.816966096163723], [100.69676218969245, 13.81740309581537], [100.68946264052856, 13.828898642003432], [100.68882940817353, 13.829964374051473], [100.68840132318273, 13.830659947576693], [100.68799559431328, 13.831293127545349], [100.68767008393446, 13.831895140728111], [100.68740699396729, 13.83242576212421], [100.68492770840491, 13.840661718714564], [100.68456205869703, 13.841196789312995], [100.68402248511951, 13.8416338251921], [100.68351867959541, 13.841874639793074], [100.67601840351323, 13.842864498315926], [100.67504191531081, 13.83987692190954], [100.67405641105526, 13.83838759997894], [100.67175103892349, 13.837415500545577], [100.6712025994876, 13.837357572520029], [100.6694100503091, 13.836242774409287], [100.66916033572419, 13.83581910884028], [100.66924509247548, 13.83282705665146], [100.66825956362008, 13.83324174723051], [100.66721172537243, 13.834017666090595], [100.66585617198632, 13.834472531106682], [100.66525413038566, 13.834784598406825], [100.66301120729499, 13.83532414912242], [100.66212390348953, 13.835569461457217], [100.6594171763523, 13.836710974212362], [100.6590114018466, 13.837018648791554], [100.65847635979652, 13.837388775285085], [100.65790556572048, 13.837928340368137], [100.6552880887287, 13.840447724921503], [100.65464597840752, 13.840791040101815], [100.65387899285463, 13.841268166338725], [100.65319675575856, 13.84167396644412], [100.65252793105653, 13.842053003998684], [100.65180995112026, 13.84229824237371], [100.64756939323779, 13.839948294538798], [100.6470788479027, 13.839430990515998], [100.64652144441797, 13.83865509763751], [100.64439447296706, 13.836394390303006], [100.6440110217224, 13.835975197633804], [100.64054181385599, 13.834468018791425], [100.6401227162006, 13.83062427342569], [100.64017616672923, 13.829901936886086], [100.64006917976953, 13.82931328961825], [100.63998444962229, 13.828849577806013], [100.63933342218772, 13.821563432785704], [100.63848174839461, 13.819802050213005], [100.63795558958982, 13.818794255645434], [100.63845055516326, 13.814638386368395], [100.6385441348888, 13.814040889423886], [100.63807597941074, 13.812868161859022], [100.63766574378809, 13.812547094321522], [100.63768799992637, 13.811887107131206], [100.63775047181792, 13.806130464186298], [100.63814730250468, 13.805564123472582], [100.63851294163648, 13.805095975341061], [100.64237007109969, 13.799950164338105], [100.64279811622413, 13.799316985843967], [100.64322624925867, 13.79858122383018], [100.64352496388224, 13.79791678438121], [100.64653038209778, 13.791045290279284], [100.64669091672384, 13.79038533945718], [100.64690946082844, 13.789328528732694], [100.64693618804286, 13.788735466625813], [100.64702539339943, 13.788173618321764], [100.64809552059936, 13.783447025347762], [100.64810892734663, 13.782755839157375], [100.64829172338236, 13.781600960880636], [100.6482069857301, 13.780682403350356], [100.65264825382948, 13.779273298882659], [100.65316108842407, 13.779068180061193], [100.6536961858248, 13.778595475299467], [100.65406180024408, 13.778158492105462], [100.65720550760079, 13.772896734188558], [100.65749979781205, 13.772397382370347], [100.65773168952846, 13.771964847104284], [100.65968474267514, 13.768932652310525], [100.66129892397464, 13.765811250300057], [100.66509364965144, 13.767929311838083], [100.66815254432456, 13.769240342112457], [100.66979799033729, 13.769699588465517], [100.67114466109011, 13.77016337755396], [100.6700967903622, 13.763978572527492], [100.67080571359112, 13.763505942507303], [100.67114466109011, 13.763068869251152], [100.67436407913748, 13.757017943829807], [100.67472977479366, 13.756317796236685], [100.67508644549464, 13.755421595691868], [100.67514000209529, 13.754797304094474], [100.67610763676906, 13.75026684132593], [100.67675866387088, 13.749990358666977], [100.67765049155949, 13.748755199796895], [100.6797863908248, 13.74822008408145], [100.68057121392825, 13.747939171524488], [100.68212291178966, 13.747181167657953], [100.68389318050683, 13.744978382005018]]]}, "id": "00010000000000000fcd", "properties": {"ADM0_CODE": 240, "ADM0_NAME": "Thailand", "ADM1_CODE": 2853, "ADM1_NAME": "Bangkok", "ADM2_CODE": 26406, "ADM2_NAME": "Bungkum", "DISP_AREA": "NO", "EXP2_YEAR": 3000, "STATUS": "Member State", "STR2_YEAR": 1000, "Shape_Area": 0.00504746639532, "Shape_Leng": 0.312688441912, "NAME_2": "Bungkum", "NAME_1": "Bangkok"}}, {"type": "Feature", "geometry": {"type": "Polygon", "coordinates": [[[100.59321741577038, 13.851158491995081], [100.58226583143035, 13.849633464918261], [100.57712453611748, 13.848291219272644], [100.57048931572884, 13.847635750174776], [100.56768008116644, 13.846900035443163], [100.55902055984241, 13.843916909484237], [100.55022277671685, 13.842414145212512], [100.54468452176404, 13.81469191547901], [100.55037885160682, 13.81253818610751], [100.55043680027204, 13.811847024442988], [100.55019599161385, 13.806157179974685], [100.54997304027411, 13.805408108960169], [100.54796641670048, 13.800413849722402], [100.54711026262883, 13.7983225971008], [100.54368572610103, 13.790528040714882], [100.54629429246698, 13.789457832716108], [100.54678473215965, 13.790135627364874], [100.54781927404142, 13.790773304647928], [100.55041447930037, 13.790657406528059], [100.55426715925326, 13.790545874548014], [100.55501623389452, 13.7904968123966], [100.56032706898684, 13.789930556750079], [100.56648955691158, 13.789279528633118], [100.56804578514333, 13.788690884344968], [100.57022183540154, 13.788053219726827], [100.57080153451851, 13.787941812773916], [100.57438663081678, 13.788365412321427], [100.57526502214881, 13.789301832280572], [100.57637983293826, 13.79085799500011], [100.5765626590726, 13.791317353093287], [100.57931393990748, 13.79280668556359], [100.57980438378837, 13.793060809264537], [100.58035288365052, 13.793346183247257], [100.58843279244529, 13.794924769162712], [100.59587058887035, 13.795138767445238], [100.5958259249178, 13.796521093091], [100.59556730387868, 13.799218881630132], [100.59554505786497, 13.799843102546472], [100.59517495026071, 13.803891977646886], [100.5952239943718, 13.804614336118393], [100.59529975082577, 13.805305527844203], [100.59531314993295, 13.805961037673198], [100.59529090398046, 13.814205901748455], [100.59541123832796, 13.815289413922065], [100.59552719234432, 13.816074282621061], [100.59567879170379, 13.816863542299751], [100.59583485770659, 13.817545726193858], [100.59587058887035, 13.821853276133227], [100.59591516695222, 13.822441808607152], [100.59603112160117, 13.82322662899689], [100.5961827217877, 13.823980238587549], [100.59696752514458, 13.827743686357778], [100.59698530505052, 13.828532971358591], [100.59681145722818, 13.830111486458147], [100.59670890090933, 13.830606440099427], [100.59668656872769, 13.831132642357243], [100.59674008007966, 13.83402214426832], [100.59674901295683, 13.834548311103347], [100.59567432531685, 13.837299538212578], [100.59457293806597, 13.84372510469835], [100.59353847228809, 13.846347123504824], [100.59317721936685, 13.847341422762717], [100.59321741577038, 13.851158491995081]]]}, "id": "00010000000000000fce", "properties": {"ADM0_CODE": 240, "ADM0_NAME": "Thailand", "ADM1_CODE": 2853, "ADM1_NAME": "Bangkok", "ADM2_CODE": 26407, "ADM2_NAME": "Chatuchak", "DISP_AREA": "NO", "EXP2_YEAR": 3000, "STATUS": "Member State", "STR2_YEAR": 1000, "Shape_Area": 0.00266294703651, "Shape_Leng": 0.213901205948, "NAME_2": "Chatuchak", "NAME_1": "Bangkok"}}, {"type": "Feature", "geometry": {"type": "Polygon", "coordinates": [[[100.45812443728899, 13.603326041098882], [100.45881560663763, 13.603361708798495], [100.45941312629509, 13.603308259752795], [100.45991699441795, 13.603210137110644], [100.46042086532808, 13.60306748466964], [100.46111205210269, 13.602817759862349], [100.46161592962301, 13.602661686369107], [100.46241862298952, 13.602469907129898], [100.46301162057944, 13.60238074050727], [100.46381424047313, 13.602371867044333], [100.46451437300318, 13.602501164018246], [100.46521888518286, 13.60275976287161], [100.46581198676606, 13.602951522207542], [100.46661463132328, 13.602889046392436], [100.4670159562524, 13.602510035572612], [100.46731469959408, 13.60196160378999], [100.4674127370281, 13.60144883751266], [100.46761344391483, 13.600860197932061], [100.46771156744249, 13.600240341250462], [100.46791664938729, 13.59966067262794], [100.468019233419, 13.599139011003533], [100.46821539568069, 13.598679711019784], [100.4684161043346, 13.598251589861649], [100.46871039205297, 13.597819083479754], [100.46901806140029, 13.59737764884972], [100.46941493666388, 13.596949527787526], [100.46991877431536, 13.596561591748502], [100.47051182070199, 13.59625841787206], [100.47101575018982, 13.596080035989793], [100.47171576647881, 13.596030956661597], [100.47231328493962, 13.596129103031313], [100.47301339696536, 13.596409989856438], [100.4737179748215, 13.596860334601637], [100.47441801185045, 13.597417782205559], [100.47481491061379, 13.597707638431729], [100.47531877809722, 13.598251588529159], [100.47571559499953, 13.598670754446283], [100.47621054630005, 13.599188069262613], [100.47661637405773, 13.59963839683657], [100.47701319660358, 13.599959448050601], [100.47741902793116, 13.60036080511107], [100.47791398847187, 13.600851280694526], [100.47861405769564, 13.601408631608713], [100.47931859301984, 13.602010667010308], [100.48001867301795, 13.602599208990402], [100.48081234942316, 13.603170023869621], [100.48151244087798, 13.60366942127689], [100.48221699857365, 13.604079661344366], [100.48275650831893, 13.604298122035091], [100.48612763710629, 13.608440648034057], [100.48624353902873, 13.609060440948063], [100.48641743508315, 13.609515266484147], [100.48620785048625, 13.61270799014164], [100.485704008681, 13.613474995203736], [100.48516894253663, 13.614045775075475], [100.48309545143519, 13.616190586373586], [100.47934089667424, 13.618504811840475], [100.4789752032131, 13.618776851553408], [100.47720937821, 13.623316240281168], [100.47743240984462, 13.624359670317752], [100.47760628911638, 13.62488585049813], [100.47909564255853, 13.627775335900628], [100.47930967155959, 13.628265834593156], [100.47759290717744, 13.631815249986685], [100.47703549969455, 13.632947844183432], [100.47683931846197, 13.633375991552308], [100.47674564571788, 13.634004706732808], [100.4757691216658, 13.636720289039717], [100.47567545002045, 13.63741142946608], [100.47565323304173, 13.638133800793998], [100.4756709894683, 13.63885622578977], [100.47571559499953, 13.63960976704414], [100.4761214205557, 13.647159058495118], [100.47620608572176, 13.647917049460565], [100.47615264457943, 13.648670701635261], [100.47548819279788, 13.652135438810998], [100.47480152908425, 13.659345791032022], [100.47595191889907, 13.660897529890834], [100.47673226390515, 13.660719179764929], [100.47802095863302, 13.660166279620617], [100.47869872517444, 13.659885316021098], [100.48121811185949, 13.659573164556353], [100.48386238887126, 13.666515957609045], [100.4840541242368, 13.66759510405551], [100.4843083136217, 13.668375455474711], [100.48796921680267, 13.67109104509331], [100.48882979442129, 13.671697500679912], [100.48959231877785, 13.674243641547308], [100.48946302892776, 13.67480545143784], [100.48903046262402, 13.675309369988579], [100.48845531218629, 13.67571508333914], [100.48579322957119, 13.677708337045305], [100.48508418326828, 13.677989233188045], [100.48389361554318, 13.680312466512712], [100.48330056796406, 13.6812132261423], [100.48263614992965, 13.68448170427986], [100.482649532608, 13.685266550835157], [100.48429046972684, 13.687371221378305], [100.48431277459596, 13.688619742830966], [100.48544089335181, 13.688824861135648], [100.48721116710963, 13.688325419047137], [100.48669393649669, 13.690175955183376], [100.48643527939359, 13.69077351714484], [100.48607856542624, 13.691995297641784], [100.48585559845675, 13.69272214331512], [100.48451789385938, 13.696565875327524], [100.48446436206238, 13.697386338843431], [100.48448220599123, 13.698144385992101], [100.48449558894015, 13.6990629881167], [100.48447328402636, 13.699785345460452], [100.48435292337412, 13.70051214401133], [100.48203864965477, 13.703058365855016], [100.48156151010421, 13.703000373743096], [100.48011672410685, 13.702639211007597], [100.47933197521182, 13.702425134229767], [100.47673672450918, 13.702313660151262], [100.47449384022505, 13.704730502379729], [100.47429766445768, 13.705163021297276], [100.47406125906504, 13.705559929429693], [100.47373135619209, 13.706322378443431], [100.4737179748215, 13.711254174138194], [100.47267003088841, 13.711963155928677], [100.47049843980375, 13.712600834212525], [100.46984741001161, 13.71261415118099], [100.46923652699515, 13.712596367362385], [100.46599476404062, 13.710661082324087], [100.46520996510175, 13.709020177143488], [100.46436273291518, 13.707312344494483], [100.46231158536308, 13.707058121001209], [100.46163822894788, 13.707365818206434], [100.46102285535115, 13.707379155907041], [100.46040302610612, 13.707294481984235], [100.4583830998781, 13.70494008894874], [100.4580397031523, 13.704454008432279], [100.45699185371478, 13.703196576695628], [100.45490948386049, 13.703370485997866], [100.45429852947552, 13.70374500891483], [100.45129312926231, 13.703544362075325], [100.45071341445824, 13.703227805841008], [100.45029432411798, 13.703009256440282], [100.44755643478365, 13.702242279416438], [100.44707484508055, 13.7022199821558], [100.44418973366626, 13.703365990113044], [100.44365019497565, 13.703343703318968], [100.44275840250548, 13.703232226293906], [100.4420405159213, 13.703049442924547], [100.4415588696786, 13.70292902365653], [100.44002494158089, 13.700891226252251], [100.43977524876404, 13.700271365467131], [100.4395924383866, 13.699749660718751], [100.43912426714526, 13.696507876384779], [100.4391465609592, 13.695785546305434], [100.43920898366737, 13.695290613519239], [100.44078748642404, 13.692004238889913], [100.44122445416919, 13.691371015390143], [100.44151873975252, 13.690840376855963], [100.44478732880977, 13.686301032002136], [100.44758764901906, 13.686207370373864], [100.44931774048901, 13.683772695847802], [100.45041463980903, 13.682238793706418], [100.4513778571199, 13.67873397045563], [100.45519926840278, 13.676615820404676], [100.45298761564237, 13.666903978930774], [100.45300991285445, 13.666212789378958], [100.45303221007202, 13.665588474099152], [100.45292072403885, 13.664870612238591], [100.45283599474494, 13.6640813508235], [100.45223843249089, 13.655221108855713], [100.45226072951947, 13.654730576010312], [100.45225627011331, 13.654106314468308], [100.45227856714625, 13.653482057008942], [100.45220275725654, 13.65302279397671], [100.45200208432387, 13.647769952286488], [100.4521626226346, 13.647109978124025], [100.45297869675906, 13.629117510086187], [100.45424055591475, 13.626954861042172], [100.45440109817346, 13.626129926866469], [100.45438326013074, 13.625278194065688], [100.45453042408776, 13.621693096556205], [100.45461069543732, 13.620966237882818], [100.45467312875813, 13.620408866414394], [100.45476677881963, 13.619945176438504], [100.4555292757169, 13.616480404213165], [100.45574779473176, 13.615651003602194], [100.45658165370364, 13.612382480747343], [100.45652813830426, 13.610937744055468], [100.456644088376, 13.61001476025029], [100.45666630072166, 13.609421665067892], [100.45812443728899, 13.603326041098882]]]}, "id": "00010000000000000fcf", "properties": {"ADM0_CODE": 240, "ADM0_NAME": "Thailand", "ADM1_CODE": 2853, "ADM1_NAME": "Bangkok", "ADM2_CODE": 26408, "ADM2_NAME": "Chom Thong", "DISP_AREA": "NO", "EXP2_YEAR": 3000, "STATUS": "Member State", "STR2_YEAR": 1000, "Shape_Area": 0.00316323726272, "Shape_Leng": 0.317280613894, "NAME_2": "Chom Thong", "NAME_1": "Bangkok"}}, {"type": "Feature", "geometry": {"type": "Polygon", "coordinates": [[[100.59247722070056, 13.858935129227504], [100.5927045693788, 13.863603798251956], [100.59298551368302, 13.86438857464716], [100.59324859376208, 13.865173433213068], [100.59329317057843, 13.865761982484848], [100.59400219393181, 13.869003778911408], [100.59494750960953, 13.872406091445898], [100.59506346304373, 13.872901040921912], [100.59513930525759, 13.873422703598806], [100.59528197124426, 13.873948877934055], [100.59546474894113, 13.874439438074807], [100.59567879170379, 13.874992360640928], [100.59692294655487, 13.877502815543172], [100.59739115166009, 13.878443690575287], [100.5975650005733, 13.878934213362498], [100.60074432885254, 13.882983089598774], [100.60124373401133, 13.883696522532436], [100.60152470428497, 13.884151306411928], [100.60180112283186, 13.884574949884113], [100.60756675961692, 13.88955578040705], [100.60814643560003, 13.889809923201716], [100.60862801269036, 13.889961580126228], [100.60914532858362, 13.890086446575244], [100.60965809440235, 13.890171091136049], [100.61481279867567, 13.887611627520574], [100.61495102770387, 13.889578047514279], [100.61520523563522, 13.890295962004195], [100.61796539967786, 13.893916796342246], [100.61835338252027, 13.894335899953576], [100.62084154585352, 13.895990241841407], [100.62166642356803, 13.89643170790119], [100.62232196645549, 13.896810735095352], [100.62315579278214, 13.89728340641739], [100.62675426260411, 13.898126205613805], [100.62733397282082, 13.898246546676123], [100.62788241106534, 13.898362492526152], [100.62884560123598, 13.898638990585182], [100.63270722650009, 13.900654471628679], [100.63343846331584, 13.901461585145018], [100.63382642502525, 13.901911916746085], [100.63427677198189, 13.902558474949496], [100.63697013474479, 13.907793517773749], [100.63728223441412, 13.909853580787582], [100.63725104158605, 13.910317315883194], [100.63716184562321, 13.910812318415509], [100.63717525079134, 13.913242516237963], [100.63704592537191, 13.913701834513802], [100.6344596267034, 13.916421894488856], [100.6337194453885, 13.91683212950133], [100.63301037544616, 13.917273568259816], [100.63136497942821, 13.920564358632019], [100.63136944753806, 13.92105486428968], [100.63131591615905, 13.92181291219017], [100.63118659891028, 13.92230789020508], [100.63001390162286, 13.927230672891758], [100.62985786388754, 13.928055686204058], [100.62959923363819, 13.929081235242256], [100.62934945421195, 13.930039954601257], [100.6291488234781, 13.930601838106062], [100.6289883192037, 13.931163623780316], [100.61401461383798, 13.942489801251078], [100.61381401632005, 13.942039403949217], [100.613310076037, 13.941571209546156], [100.61240933042419, 13.941660367521692], [100.61181631213361, 13.941910092276144], [100.61111625820323, 13.942280220682777], [100.610215448042, 13.942721673966055], [100.60961350969245, 13.942971352150334], [100.60911405932426, 13.943221081921944], [100.60841402584282, 13.943479685084725], [100.60771391175639, 13.943747199106657], [100.60701826990478, 13.944028140717963], [100.60611758555528, 13.944317974362335], [100.60521682407773, 13.94463016752314], [100.60431607137538, 13.944968996171733], [100.60321913376947, 13.945321304631719], [100.6021132757833, 13.945700289501376], [100.60081570909436, 13.946110547095653], [100.59951807472746, 13.946538621127248], [100.59821161145754, 13.946989000292032], [100.59681592367012, 13.947439351224672], [100.5955137932061, 13.947880800707729], [100.59411814617923, 13.948317779837613], [100.59281158749968, 13.948728061546761], [100.59161214992538, 13.949120465150388], [100.59051519137218, 13.949477202453796], [100.58951632798617, 13.949798203782393], [100.58851747540841, 13.950097017837122], [100.58771487985797, 13.950368992061435], [100.58691220540302, 13.950618696209652], [100.5862121683588, 13.950859456288168], [100.58551651663777, 13.95107801325146], [100.58491456742429, 13.951292035375838], [100.58441069884498, 13.951501593802245], [100.5839156787718, 13.95168892909141], [100.58301496203785, 13.95201881629073], [100.5822123284683, 13.952210602107499], [100.58141416757954, 13.952219552166168], [100.58091916358644, 13.952139258152629], [100.58041531683051, 13.952018821298212], [100.57991585257405, 13.951840456486138], [100.57941647689962, 13.951630904311013], [100.57881001604538, 13.951390131663594], [100.57821695580499, 13.951131477231005], [100.57751243336418, 13.950850614162816], [100.57671422727942, 13.950569648879494], [100.57591164854897, 13.950279787410464], [100.57511792171664, 13.949998881839443], [100.57431973636582, 13.949709083835875], [100.573517092613, 13.949419215180626], [100.57271445585066, 13.9491382520434], [100.57211250433421, 13.94884843552732], [100.57161746441471, 13.948567487748184], [100.57121173116471, 13.948277661131508], [100.55681772972373, 13.883330909609706], [100.54981250190838, 13.84859447638838], [100.54941562136574, 13.848126264845854], [100.54901874253652, 13.84783646203248], [100.54791293366472, 13.847122934407912], [100.54571457603758, 13.845424012243571], [100.54472916092982, 13.844612480197574], [100.55022277671685, 13.842414145212512], [100.55902055984241, 13.843916909484237], [100.56768008116644, 13.846900035443163], [100.57048931572884, 13.847635750174776], [100.57712453611748, 13.848291219272644], [100.58226583143035, 13.849633464918261], [100.59321741577038, 13.851158491995081], [100.59247722070056, 13.858935129227504]]]}, "id": "00010000000000000fd0", "properties": {"ADM0_CODE": 240, "ADM0_NAME": "Thailand", "ADM1_CODE": 2853, "ADM1_NAME": "Bangkok", "ADM2_CODE": 26409, "ADM2_NAME": "Don Muang", "DISP_AREA": "NO", "EXP2_YEAR": 3000, "STATUS": "Member State", "STR2_YEAR": 1000, "Shape_Area": 0.00544270463349, "Shape_Leng": 0.33235264421, "NAME_2": "Don Muang", "NAME_1": "Bangkok"}}, {"type": "Feature", "geometry": {"type": "Polygon", "coordinates": [[[100.52387387430412, 13.795013902264893], [100.5226298483914, 13.79244096909673], [100.52164433781168, 13.791246009339066], [100.52062768442545, 13.789952834069892], [100.51709162760838, 13.786804686933221], [100.5169132964882, 13.786247311990124], [100.51673041734095, 13.785823714655965], [100.51658770148853, 13.785368902103711], [100.51577174524964, 13.783607567139633], [100.51409952108608, 13.781868444970888], [100.51388549644663, 13.781444883028911], [100.5133593618185, 13.780602059677562], [100.51268605807329, 13.779629973614835], [100.51215984452143, 13.778782795199612], [100.51121452131315, 13.777257729394053], [100.51039852712866, 13.77575948894628], [100.51022458546595, 13.775304727328566], [100.50889579190769, 13.773819770689688], [100.50798165148983, 13.772392932053467], [100.50687582237272, 13.771460959902306], [100.50641657298688, 13.770912437618673], [100.50482912555835, 13.76650690847118], [100.50583685115582, 13.767140092306096], [100.50757585604543, 13.76714004936576], [100.50888686756022, 13.76622592766704], [100.50928374443006, 13.765722117934528], [100.51065270394636, 13.763884901517079], [100.51262804742906, 13.761971991911913], [100.51344406148033, 13.76169108579769], [100.51483084722456, 13.759492721036883], [100.51915172906574, 13.754797306540121], [100.52018621697466, 13.75369145415741], [100.52085957583947, 13.753151855652376], [100.52143029554881, 13.752679203291565], [100.52300438466871, 13.751131890275852], [100.52584040516204, 13.747885686997506], [100.5276507700016, 13.75149752444719], [100.52955034829436, 13.756857382325604], [100.53499043901039, 13.768558023048804], [100.53568158879942, 13.77081440693376], [100.53636828028067, 13.773235628923494], [100.53658235740019, 13.77372612066643], [100.5387182632286, 13.780000124265646], [100.53900814183088, 13.781114903447866], [100.53929793550869, 13.781864058211152], [100.53955210660507, 13.782483797090018], [100.53997126297571, 13.783264204396751], [100.54021650853839, 13.78368777078732], [100.54368572610103, 13.790528040714882], [100.54075610258597, 13.7929537959424], [100.53926668993783, 13.793444266256834], [100.53695695064185, 13.793854545129744], [100.53644416000449, 13.793930377567326], [100.53586441990457, 13.793943740884927], [100.5309237304769, 13.794371807390739], [100.53024154294462, 13.794389654859009], [100.52952356921985, 13.794304947439485], [100.52387387430412, 13.795013902264893]]]}, "id": "00010000000000000fd1", "properties": {"ADM0_CODE": 240, "ADM0_NAME": "Thailand", "ADM1_CODE": 2853, "ADM1_NAME": "Bangkok", "ADM2_CODE": 26410, "ADM2_NAME": "Dusit", "DISP_AREA": "NO", "EXP2_YEAR": 3000, "STATUS": "Member State", "STR2_YEAR": 1000, "Shape_Area": 0.000939956898295, "Shape_Leng": 0.131737981288, "NAME_2": "Dusit", "NAME_1": "Bangkok"}}, {"type": "Feature", "geometry": {"type": "Polygon", "coordinates": [[[100.59587058887035, 13.795138767445238], [100.58843279244529, 13.794924769162712], [100.58035288365052, 13.793346183247257], [100.57980438378837, 13.793060809264537], [100.57931393990748, 13.79280668556359], [100.5765626590726, 13.791317353093287], [100.57637983293826, 13.79085799500011], [100.57526502214881, 13.789301832280572], [100.57438663081678, 13.788365412321427], [100.57080153451851, 13.787941812773916], [100.57022183540154, 13.788053219726827], [100.56804578514333, 13.788690884344968], [100.56648955691158, 13.789279528633118], [100.56636024449324, 13.784084645584198], [100.56229352170425, 13.776303552471733], [100.55758021875829, 13.77073855239901], [100.55444547709884, 13.767019656740036], [100.55431171721887, 13.764094531107068], [100.5579236456774, 13.761485927131384], [100.56024232606211, 13.75979596715975], [100.56228459216413, 13.75790973327343], [100.56282860880465, 13.755925395473028], [100.56300256429896, 13.754476244944557], [100.56312740719095, 13.753486339257034], [100.56420205905852, 13.752541013648395], [100.56718515093063, 13.753602263394914], [100.56856751044691, 13.752683703460164], [100.56831334501874, 13.751800768767126], [100.567002343402, 13.74903162286446], [100.56542380818925, 13.741428885335468], [100.56981602242963, 13.741210424691692], [100.57687481256364, 13.740670856102826], [100.57751243336419, 13.740461296173473], [100.57816345519184, 13.740318568840511], [100.57917567831467, 13.740033216262358], [100.58627907143654, 13.73870437724485], [100.58705941053145, 13.738361070553985], [100.58784413634778, 13.738245087114652], [100.59297211491354, 13.73712136827283], [100.59399326132028, 13.736907358975724], [100.59487175344445, 13.736755746188734], [100.59813130021556, 13.73560531535329], [100.5986619569665, 13.735199523057789], [100.60033408679885, 13.734936473977308], [100.60142660939962, 13.735208457668806], [100.60211774248151, 13.735654372986795], [100.60368290400073, 13.73726858830256], [100.6053639724778, 13.740126846524081], [100.60721447164582, 13.742423292198794], [100.61010849567292, 13.745642753134009], [100.60974279681984, 13.746044090074841], [100.6094039017104, 13.746445403192757], [100.60870386603537, 13.747185597912567], [100.6083293246421, 13.747488781251736], [100.60728585688341, 13.748269119711649], [100.60692016919037, 13.748541139053975], [100.60651445254233, 13.748844365002112], [100.60475751297746, 13.750195451265117], [100.60439192118352, 13.750596798922473], [100.60266173639795, 13.75283523350508], [100.60209102819353, 13.75366912324288], [100.60179227536402, 13.754199718167873], [100.60062398755885, 13.757316674729598], [100.60019141301058, 13.75814602262151], [100.59999969277021, 13.758645498958566], [100.59942444854009, 13.761057874976698], [100.59939773503062, 13.76151717481052], [100.59922826333215, 13.765066567858266], [100.59923719644992, 13.765628392448425], [100.59925059612817, 13.76664513643371], [100.599121237777, 13.770720716189349], [100.59878684813727, 13.773030543393954], [100.59862631061792, 13.773556733922145], [100.59836768173919, 13.774189921871555], [100.59757393353024, 13.777556558529394], [100.59751148874352, 13.778118387506607], [100.5974178645894, 13.77877830414666], [100.5973287069969, 13.779402616354083], [100.59723508302802, 13.779995635512346], [100.59711466041124, 13.78082062604973], [100.59626741185858, 13.786586219759878], [100.59620496795498, 13.787183768745141], [100.59621390078041, 13.787705476749657], [100.59622283360672, 13.788164726978886], [100.59587058887035, 13.795138767445238]]]}, "id": "00010000000000000fd2", "properties": {"ADM0_CODE": 240, "ADM0_NAME": "Thailand", "ADM1_CODE": 2853, "ADM1_NAME": "Bangkok", "ADM2_CODE": 26411, "ADM2_NAME": "Huai Khwang", "DISP_AREA": "NO", "EXP2_YEAR": 3000, "STATUS": "Member State", "STR2_YEAR": 1000, "Shape_Area": 0.00202130935945, "Shape_Leng": 0.197720120858, "NAME_2": "Huai Khwang", "NAME_1": "Bangkok"}}, {"type": "Feature", "geometry": {"type": "Polygon", "coordinates": [[[100.51825542261913, 13.716119074713234], [100.51843830481013, 13.717033175371], [100.51894215528715, 13.718210340463843], [100.5187548952565, 13.721077578609385], [100.51870580607255, 13.722294915539454], [100.51872811933471, 13.723378482849824], [100.51870580607255, 13.72416771892243], [100.51814394275779, 13.726682658367608], [100.51566473091387, 13.729197558956571], [100.51464805805077, 13.72967913978932], [100.51203052276925, 13.730125081634526], [100.51145977579772, 13.730298985463072], [100.51026920786394, 13.730820704773867], [100.50820021028063, 13.731355749772973], [100.50666627668325, 13.731645586616347], [100.50531067697138, 13.731739227086758], [100.50367862951984, 13.732198521954565], [100.50294293058181, 13.729946714069605], [100.50093184440782, 13.726205555165718], [100.49779706470817, 13.71932955802295], [100.49935332975588, 13.714696604271868], [100.49912140700349, 13.711771404151817], [100.49922402609921, 13.709635484931137], [100.49913033039854, 13.708320095884797], [100.49977693565003, 13.704757266616934], [100.50110576840908, 13.702920136957742], [100.5017076835757, 13.702313629321782], [100.50224284654452, 13.701809814079263], [100.50508774889958, 13.699696165296281], [100.50567630421098, 13.700079652567444], [100.50692044313841, 13.700975951537561], [100.50933720494855, 13.70270609947564], [100.50968954744522, 13.703027113672505], [100.51176295518495, 13.704436189064348], [100.51214645752336, 13.704819698189768], [100.51496017293077, 13.707958883673962], [100.51528121384398, 13.70844490390042], [100.5162666559969, 13.710036825598252], [100.51658770148853, 13.710754714675522], [100.51825542261913, 13.716119074713234]]]}, "id": "00010000000000000fd3", "properties": {"ADM0_CODE": 240, "ADM0_NAME": "Thailand", "ADM1_CODE": 2853, "ADM1_NAME": "Bangkok", "ADM2_CODE": 26412, "ADM2_NAME": "Khlong San", "DISP_AREA": "NO", "EXP2_YEAR": 3000, "STATUS": "Member State", "STR2_YEAR": 1000, "Shape_Area": 0.000487886703279, "Shape_Leng": 0.0849996938374, "NAME_2": "Khlong San", "NAME_1": "Bangkok"}}, {"type": "Feature", "geometry": {"type": "Polygon", "coordinates": [[[100.6053639724778, 13.740126846524081], [100.60368290400073, 13.73726858830256], [100.60211774248151, 13.735654372986795], [100.60142660939962, 13.735208457668806], [100.60033408679885, 13.734936473977308], [100.5986619569665, 13.735199523057789], [100.59813130021556, 13.73560531535329], [100.59487175344445, 13.736755746188734], [100.59399326132028, 13.736907358975724], [100.59297211491354, 13.73712136827283], [100.58784413634778, 13.738245087114652], [100.58705941053145, 13.738361070553985], [100.58627907143654, 13.73870437724485], [100.57917567831467, 13.740033216262358], [100.57816345519184, 13.740318568840511], [100.57751243336419, 13.740461296173473], [100.57687481256364, 13.740670856102826], [100.56981602242963, 13.741210424691692], [100.56542380818925, 13.741428885335468], [100.55571637736985, 13.742182514297989], [100.55943078986759, 13.716743325756086], [100.55986780963326, 13.712520518094886], [100.55985441567641, 13.711798184333272], [100.55971618328692, 13.710090288072477], [100.56015758321544, 13.7079410323686], [100.56029581626792, 13.705256678713722], [100.56181192880115, 13.705283422200253], [100.56302033765769, 13.70526111235072], [100.56392111657946, 13.705234390645032], [100.56451417067233, 13.705194197299042], [100.56531682184924, 13.705105072876536], [100.56601687196083, 13.70499358530855], [100.56661440453159, 13.704953456576673], [100.56721640598829, 13.704922201855558], [100.56772026645847, 13.704890975184615], [100.56851401543534, 13.704792894839239], [100.56911594344085, 13.704632430753934], [100.56971796124753, 13.704556618282927], [100.57031096680154, 13.704436204426282], [100.57081484419889, 13.704333654576862], [100.57130979393675, 13.704195393250002], [100.57191629131594, 13.704012583802214], [100.57271445585066, 13.703785184190867], [100.573517092613, 13.703504234947896], [100.57441780244528, 13.703192131554419], [100.57531852107994, 13.702862154130939], [100.57621933439022, 13.702523191800248], [100.57721813968712, 13.702175396783831], [100.57811888568389, 13.701845414710954], [100.57901964048037, 13.70152441075912], [100.5798177806461, 13.701234580512722], [100.58061154793964, 13.700962547676324], [100.58131609405828, 13.70071283120066], [100.58201609395338, 13.700463135065327], [100.58271618504077, 13.700204542046226], [100.58341181564779, 13.699932540291126], [100.5841119173276, 13.699642648598779], [100.58491456742429, 13.699312691475638], [100.58571722450345, 13.698951523989987], [100.58651533673721, 13.69850555416711], [100.58741608764184, 13.697921442579634], [100.58841492830071, 13.697163383429109], [100.58941824585294, 13.696195741945644], [100.59051519137216, 13.694942771922056], [100.5917147005847, 13.693382044682451], [100.59301669159643, 13.691464674521994], [100.59331550193961, 13.690666504850554], [100.59361422735952, 13.689966410338467], [100.59381933323895, 13.68934661941255], [100.59406910265533, 13.688650992159074], [100.59479591145029, 13.689070135173132], [100.5953444145239, 13.689484828632102], [100.59724393005956, 13.69052829382238], [100.59810458707996, 13.69129522592125], [100.59828737036156, 13.69195072205069], [100.59867982309338, 13.694371995708995], [100.59899196550205, 13.694924914275274], [100.60101189767236, 13.697016214283643], [100.6036293886284, 13.698603711544962], [100.60445428471903, 13.69874636097369], [100.60533725725175, 13.69882661726439], [100.60976513215586, 13.701720605919993], [100.608057267659, 13.703762893703344], [100.60722340553535, 13.704801798681613], [100.60710305580747, 13.705426115497561], [100.60785659715431, 13.707874181599717], [100.60858789548774, 13.708480620416308], [100.61150412642795, 13.709470556045874], [100.61211956452937, 13.709688978692101], [100.61267246578961, 13.70993869206643], [100.61286867952334, 13.711477133601017], [100.61243613360055, 13.711945296814104], [100.61062573393978, 13.713858307794363], [100.61174939056315, 13.717220407594848], [100.61227557238132, 13.717929430795314], [100.61241826481545, 13.718486830511091], [100.61260107639517, 13.719173538974612], [100.61238708035741, 13.720720815403267], [100.61192335238417, 13.72142088889963], [100.61017533015091, 13.724876720874125], [100.61019319850283, 13.725532224227992], [100.61008616025401, 13.729246644917884], [100.60996133972382, 13.730107219436912], [100.60987217003321, 13.730566479374472], [100.60951093916975, 13.731462822453123], [100.60703167071097, 13.734080334204869], [100.60669725245477, 13.73454845983008], [100.60572965401674, 13.73739339037989], [100.60556017070881, 13.737825979260014], [100.6053639724778, 13.740126846524081]]]}, "id": "00010000000000000fd4", "properties": {"ADM0_CODE": 240, "ADM0_NAME": "Thailand", "ADM1_CODE": 2853, "ADM1_NAME": "Bangkok", "ADM2_CODE": 26413, "ADM2_NAME": "Khlong Toei", "DISP_AREA": "NO", "EXP2_YEAR": 3000, "STATUS": "Member State", "STR2_YEAR": 1000, "Shape_Area": 0.00202663225508, "Shape_Leng": 0.197825402469, "NAME_2": "Khlong Toei", "NAME_1": "Bangkok"}}, {"type": "Feature", "geometry": {"type": "Polygon", "coordinates": [[[100.59567432531685, 13.837299538212578], [100.59674901295683, 13.834548311103347], [100.59674008007966, 13.83402214426832], [100.59668656872769, 13.831132642357243], [100.59670890090933, 13.830606440099427], [100.59681145722818, 13.830111486458147], [100.59698530505052, 13.828532971358591], [100.59696752514458, 13.827743686357778], [100.5961827217877, 13.823980238587549], [100.59603112160117, 13.82322662899689], [100.59591516695222, 13.822441808607152], [100.59587058887035, 13.821853276133227], [100.59583485770659, 13.817545726193858], [100.59567879170379, 13.816863542299751], [100.59552719234432, 13.816074282621061], [100.59541123832796, 13.815289413922065], [100.59529090398046, 13.814205901748455], [100.59531314993295, 13.805961037673198], [100.59529975082577, 13.805305527844203], [100.5952239943718, 13.804614336118393], [100.59517495026071, 13.803891977646886], [100.59554505786497, 13.799843102546472], [100.59556730387868, 13.799218881630132], [100.5958259249178, 13.796521093091], [100.59587058887035, 13.795138767445238], [100.59929517584095, 13.795691698754473], [100.60001309255902, 13.795807669962265], [100.60069081518152, 13.79566497414051], [100.60557357130371, 13.792142255084112], [100.60624686779583, 13.791638334703464], [100.60668831861605, 13.791263803750887], [100.60705400539229, 13.790929371267564], [100.61092451530936, 13.787888292928933], [100.61214628171443, 13.787700976208644], [100.61306042644618, 13.787384375103821], [100.6184558769306, 13.787473586241507], [100.61907127534414, 13.787821355308424], [100.61998540255348, 13.789020861775429], [100.62162630071366, 13.79458135892454], [100.62193843464073, 13.794969337137417], [100.62207220664577, 13.7981932837033], [100.6218046628289, 13.798590136820168], [100.62161298371016, 13.799120743410068], [100.62111802211915, 13.801961219028229], [100.62136769343988, 13.802581015493043], [100.62161298371016, 13.803071542146379], [100.62186265636521, 13.803490692486267], [100.62363289431286, 13.805100439102054], [100.62425270897516, 13.80525198940986], [100.62515348389164, 13.807637666338028], [100.62547456535475, 13.808520542692534], [100.62668741615751, 13.809581785396574], [100.62733397282082, 13.809470349385878], [100.62957689351762, 13.809225087689123], [100.63006743225006, 13.809577312672005], [100.63105728184189, 13.809786896080169], [100.63519087733721, 13.810032128188706], [100.63768799992637, 13.811887107131206], [100.63766574378809, 13.812547094321522], [100.63807597941074, 13.812868161859022], [100.6385441348888, 13.814040889423886], [100.63845055516326, 13.814638386368395], [100.63795558958982, 13.818794255645434], [100.63848174839461, 13.819802050213005], [100.63933342218772, 13.821563432785704], [100.63998444962229, 13.828849577806013], [100.64006917976953, 13.82931328961825], [100.64017616672923, 13.829901936886086], [100.6401227162006, 13.83062427342569], [100.64054181385599, 13.834468018791425], [100.6440110217224, 13.835975197633804], [100.64439447296706, 13.836394390303006], [100.64652144441797, 13.83865509763751], [100.6470788479027, 13.839430990515998], [100.64756939323779, 13.839948294538798], [100.65180995112026, 13.84229824237371], [100.65252793105653, 13.842053003998684], [100.65319675575856, 13.84167396644412], [100.65387899285463, 13.841268166338725], [100.65464597840752, 13.840791040101815], [100.6552880887287, 13.840447724921503], [100.65790556572048, 13.837928340368137], [100.65847635979652, 13.837388775285085], [100.6590114018466, 13.837018648791554], [100.6594171763523, 13.836710974212362], [100.66212390348953, 13.835569461457217], [100.66301120729499, 13.83532414912242], [100.66525413038566, 13.834784598406825], [100.66585617198632, 13.834472531106682], [100.66721172537243, 13.834017666090595], [100.66825956362008, 13.83324174723051], [100.66924509247548, 13.83282705665146], [100.66916033572419, 13.83581910884028], [100.6694100503091, 13.836242774409287], [100.6712025994876, 13.837357572520029], [100.67175103892349, 13.837415500545577], [100.67405641105526, 13.83838759997894], [100.67504191531081, 13.83987692190954], [100.67601840351323, 13.842864498315926], [100.67471189401357, 13.84417100476912], [100.67472977479366, 13.845058379267368], [100.67575087619113, 13.8469758382776], [100.67617898904861, 13.84775616891334], [100.67922896324777, 13.850382605920302], [100.67242438599081, 13.851680132366505], [100.67187594258839, 13.851461663455703], [100.67125615385444, 13.851216388022904], [100.6702974235984, 13.850971207823058], [100.66524527686178, 13.84934363937819], [100.66458977460853, 13.848897726269866], [100.66417503815696, 13.848612302528073], [100.66359088607555, 13.848295723086043], [100.65981409962193, 13.847194303397792], [100.6592343584306, 13.84740831459766], [100.65162714816103, 13.85164896674642], [100.65090926112913, 13.851697977594716], [100.64992375470939, 13.851715837813616], [100.64495633244738, 13.85100686139594], [100.64447920714021, 13.850752646868122], [100.64395748304845, 13.850502997348713], [100.64344023058007, 13.850248787901796], [100.64282045952916, 13.85003474599216], [100.63775485430432, 13.849486257441415], [100.637077118131, 13.849437215750712], [100.63425451666211, 13.848282311850243], [100.63380416981354, 13.848063814998527], [100.63294799267389, 13.848050469556584], [100.63223454640492, 13.84821546126612], [100.62674541275045, 13.846935645665583], [100.62622808442366, 13.846619083912644], [100.62581790121959, 13.846298024579072], [100.62535857379603, 13.845620269939893], [100.62384253451636, 13.842860093905562], [100.62328509882497, 13.842213497407942], [100.62262516734972, 13.841607057146833], [100.61807244704018, 13.841147737773227], [100.61746152270473, 13.841259249133415], [100.61678376310157, 13.841339548935917], [100.61616391251664, 13.84145101005513], [100.61558427221172, 13.841495619494525], [100.61132131701557, 13.84168728833807], [100.61060339839601, 13.841571399913885], [100.60984983467137, 13.841491093880355], [100.60910074412087, 13.841410852311105], [100.60816877055056, 13.841294931223006], [100.6046237659998, 13.84134397549203], [100.60407082695167, 13.841352925316519], [100.60359820713362, 13.841299388069926], [100.599121237777, 13.839390871757468], [100.59664199027358, 13.838030858487597], [100.59625847902797, 13.837745489353992], [100.59567432531685, 13.837299538212578]]]}, "id": "00010000000000000fd5", "properties": {"ADM0_CODE": 240, "ADM0_NAME": "Thailand", "ADM1_CODE": 2853, "ADM1_NAME": "Bangkok", "ADM2_CODE": 26414, "ADM2_NAME": "Lat Phrao", "DISP_AREA": "NO", "EXP2_YEAR": 3000, "STATUS": "Member State", "STR2_YEAR": 1000, "Shape_Area": 0.00241406138493, "Shape_Leng": 0.276242757509, "NAME_2": "Lat Phrao", "NAME_1": "Bangkok"}}, {"type": "Feature", "geometry": {"type": "Polygon", "coordinates": [[[100.71520947311956, 13.755323440794681], [100.7124091846457, 13.753151861910647], [100.7118473482249, 13.752242219675738], [100.711312260868, 13.749098559974314], [100.7118473482249, 13.748367273460632], [100.71224415075936, 13.7477965160312], [100.71386732629814, 13.743457748876677], [100.71402780496953, 13.742632838651993], [100.71414820715461, 13.741843595791646], [100.71423291878489, 13.741049901091674], [100.71430877230979, 13.739770069866765], [100.71433104676926, 13.738847043672381], [100.71433999095525, 13.733754770088867], [100.7143934840855, 13.733099260277074], [100.7143845398944, 13.73253748456872], [100.71437120961114, 13.73178386620322], [100.71388065650957, 13.727324783414154], [100.71354619777948, 13.725951321780695], [100.71353733967047, 13.725429668067807], [100.71344815661966, 13.72040424424638], [100.71367554346689, 13.719940475043538], [100.71433999095525, 13.71726057725057], [100.71720716266296, 13.716859289457796], [100.72841730733757, 13.716912752143696], [100.73681831265107, 13.716921668270844], [100.7429138890763, 13.716912786793861], [100.74701622565054, 13.716890418340247], [100.74962035826027, 13.716854806778759], [100.75101610121696, 13.716814678159851], [100.75211297375614, 13.716734365747097], [100.75281305511685, 13.716685351520134], [100.75371378195038, 13.716654138347984], [100.75461451742407, 13.716622921479784], [100.75531909148461, 13.716591743978386], [100.75581407749716, 13.716542631984959], [100.75661666074411, 13.716404411585554], [100.75721868872093, 13.716355406029844], [100.75801680979167, 13.716310802103298], [100.7589175865319, 13.716292902016217], [100.75941250546354, 13.716284049493945], [100.76031329558504, 13.716252809687555], [100.76101782634434, 13.716212641743255], [100.7615127563383, 13.716154719419649], [100.76221282171254, 13.716083370055454], [100.76271670680224, 13.716052156799798], [100.76321612016802, 13.716020964057426], [100.76401437822727, 13.716003089759987], [100.76491504036059, 13.71598525976449], [100.76601198913873, 13.71597190142252], [100.76721152261189, 13.715962933439204], [100.76971303798287, 13.71594510923099], [100.7709125326098, 13.71594510025653], [100.77201841497852, 13.715922869346514], [100.77291915376912, 13.7159138946489], [100.77371284715505, 13.715882680293591], [100.7743148985602, 13.715864831171489], [100.77521557327672, 13.715793541309841], [100.77571944197697, 13.715762302240437], [100.77621444934567, 13.715735546509881], [100.77681643069512, 13.715704361126589], [100.77761902110991, 13.715682068767164], [100.77851981350506, 13.715664182046662], [100.77961674879556, 13.715655293375647], [100.78081619753053, 13.71564190336591], [100.78331781635046, 13.71562410601364], [100.78451731222258, 13.715615139488643], [100.78561423130309, 13.715601779338183], [100.78651492803714, 13.71559284230587], [100.78731312553518, 13.715561647368455], [100.78781705896644, 13.71553491214109], [100.78831643340412, 13.715503670296064], [100.78891840603863, 13.715445702761206], [100.78941339671184, 13.715374391441017], [100.7900153763527, 13.715334198205314], [100.790719871278, 13.715303010124986], [100.79121487141154, 13.715294088751694], [100.79201302264104, 13.715271769317237], [100.79261949470587, 13.71524505381573], [100.79311441873953, 13.715182627059875], [100.79381454701804, 13.715044351173583], [100.79461711009694, 13.714973030907126], [100.79541976608212, 13.714941875997708], [100.79621795290463, 13.714923985839203], [100.79701167045036, 13.714901670909155], [100.79761369860195, 13.71485265649592], [100.79831816421698, 13.714723328853932], [100.7989112484627, 13.714611876793052], [100.79951320265678, 13.714571749773068], [100.80021776853573, 13.714491472855592], [100.80101599595446, 13.714322030920606], [100.80191666765315, 13.714054498509746], [100.80251425080934, 13.713862762086869], [100.80301809330746, 13.713662073928022], [100.80361112100908, 13.713443611045465], [100.80411505544625, 13.713225055051291], [100.80471704283298, 13.713002102173727], [100.80521194424759, 13.712783594233205], [100.80611274207011, 13.712413490038324], [100.80691532366941, 13.712092490591363], [100.80781605165534, 13.711784777332277], [100.80831105540128, 13.711601989280027], [100.80881492883555, 13.711392408968848], [100.80941694618656, 13.711151588758883], [100.81001440463723, 13.710884044034692], [100.8108126287988, 13.710571946468738], [100.81161525033845, 13.710232991900492], [100.81241787869712, 13.70988523610391], [100.81331418235175, 13.709510618637928], [100.81421488526243, 13.709140512246957], [100.81511559675823, 13.708774935672647], [100.81601640293334, 13.708413710794815], [100.81691713159823, 13.708074794147254], [100.81771971889198, 13.707753786229235], [100.81862046378737, 13.707432728817418], [100.81941419745279, 13.70712500417655], [100.82021241491266, 13.706812899346781], [100.82111309745616, 13.706505172474829], [100.82201387467849, 13.706193083706243], [100.82291457437917, 13.705863135784645], [100.8239134389383, 13.705533135854981], [100.82491231404504, 13.705194246756216], [100.82601366335216, 13.704846402029679], [100.82701695198143, 13.704485272119443], [100.8282164865318, 13.704101735536343], [100.82931339673497, 13.703722714598781], [100.83051287428387, 13.703343706192024], [100.83160981109957, 13.70295579328528], [100.83281827320118, 13.702554429141106], [100.83401331737338, 13.702153130743067], [100.83521276835569, 13.701765227045097], [100.83641679854028, 13.701372762965342], [100.83751819558458, 13.701002677627335], [100.83861512743283, 13.700654828695608], [100.83961389931915, 13.700324893319204], [100.84051468037225, 13.70003508048033], [100.84141538387027, 13.699763042092016], [100.84211552549833, 13.69953564668148], [100.84281110797927, 13.699321606362616], [100.84341308331949, 13.699134341559192], [100.8439169714828, 13.698951486261128], [100.8445144755653, 13.698773129211876], [100.84501836958309, 13.698594802955169], [100.84591463753169, 13.698224683247416], [100.84641406062084, 13.6980239896956], [100.84691796473449, 13.697814386629123], [100.84741291469072, 13.69759150070221], [100.84831368373334, 13.697132147620627], [100.84921437520654, 13.69667288540144], [100.85011516135894, 13.696204646419442], [100.8509132931144, 13.69575434998926], [100.85131912247637, 13.695535829452911], [100.85201468634575, 13.69511218397755], [100.85281292021045, 13.6947465597368], [100.85351745244202, 13.69439430164346], [100.85431561281935, 13.694033123258956], [100.85511825869096, 13.693636204810073], [100.85551506230702, 13.69339543403028], [100.8560190147652, 13.693132340884125], [100.8566120301002, 13.692833610735427], [100.85721400689981, 13.692485790045232], [100.8580166772819, 13.692075543584322], [100.85901548123753, 13.691585040203424], [100.86021499011238, 13.691014339341992], [100.86171771376532, 13.690345415787348], [100.86341659707263, 13.689565047730486], [100.86371541004067, 13.690225034974425], [100.86371541004067, 13.690795771423819], [100.86371541004067, 13.69167426793721], [100.86371541004067, 13.692954000146552], [100.86371541004067, 13.694742127077443], [100.86371541004067, 13.697114370993646], [100.86271655665092, 13.697631582757053], [100.8619139326752, 13.698081940026348], [100.8613119260767, 13.698492167720767], [100.86091509823089, 13.698884627591617], [100.86071888138476, 13.699682815312578], [100.86081698975714, 13.70013314101952], [100.86101320680598, 13.700654840477958], [100.86121381719298, 13.701243514146444], [100.8616196044624, 13.701934639545255], [100.86201643525202, 13.702692719530278], [100.86241335383673, 13.703544362228417], [100.86301528127917, 13.704476336315272], [100.86351918740912, 13.705484080012386], [100.86421036146415, 13.706576597676877], [100.86491489213768, 13.707744845375833], [100.86561494875953, 13.708984472363865], [100.86641760400605, 13.710291009030366], [100.86722026603296, 13.711664372818815], [100.86800949667129, 13.713073446877496], [100.86891020273181, 13.71452264067168], [100.86981100347195, 13.716012000353267], [100.87071172660441, 13.717514700067168], [100.87151433875161, 13.719021921974985], [100.87241507802301, 13.720533522084622], [100.87331582582776, 13.722031798132901], [100.87411398028112, 13.723512230855441], [100.87501474417883, 13.724952491977314], [100.875817392648, 13.726343780509316], [100.87651744341375, 13.727681503644709], [100.87731114490853, 13.728952349970427], [100.87801568652797, 13.730142894597714], [100.87861771277461, 13.73125320647063], [100.87931778414794, 13.732283284389947], [100.87981273065259, 13.733250920146766], [100.88041468211657, 13.734191770994174], [100.88091411432366, 13.735110331867135], [100.88144473699242, 13.736091382721613], [100.87974587610923, 13.737973124564466], [100.87827879255006, 13.739649693110428], [100.87794435338999, 13.740051067195903], [100.87744045693758, 13.740590577303388], [100.87465800412821, 13.744857923465402], [100.87432805738558, 13.745491091994735], [100.8739223019949, 13.745959351491893], [100.87223227619147, 13.751814133949555], [100.87130035412717, 13.753312408779726], [100.87162581080395, 13.754159617833556], [100.8711709643021, 13.755354658889239], [100.87111746829407, 13.755947737670231], [100.87091683699585, 13.756509609426717], [100.86942301289355, 13.760487109456932], [100.86923125792161, 13.760982024283711], [100.86856692383193, 13.76191842973527], [100.86816558628378, 13.76231980531581], [100.86447790850401, 13.764312977041321], [100.86397399728827, 13.764486894396263], [100.86353253880448, 13.764660830608728], [100.86288598887234, 13.764807952893833], [100.8580166772819, 13.765543672070816], [100.8572407940517, 13.765690851262598], [100.8562151357666, 13.765913860054273], [100.85570687571992, 13.765922703233077], [100.8518140092726, 13.76584697382636], [100.8512655515231, 13.765860290288494], [100.85061452044286, 13.765909353523078], [100.84632931611415, 13.766333010731428], [100.84577193340054, 13.765887098636371], [100.84521455396367, 13.765405448474363], [100.84448329984839, 13.764469097537932], [100.84339973475475, 13.763015434106245], [100.84108098840866, 13.76139678402242], [100.8389049062587, 13.761967481785456], [100.83708116590502, 13.763193738751365], [100.83540901854822, 13.764874836129682], [100.83480700794844, 13.765481286992246], [100.83061103751277, 13.769253710889764], [100.83020968832226, 13.769623797984377], [100.8292019743947, 13.770502228027716], [100.82286997400095, 13.774885492359562], [100.82218779747792, 13.77529128630818], [100.82178648401573, 13.775598971484131], [100.82138069506989, 13.775902234893284], [100.82087675463363, 13.776209925053596], [100.82026588220585, 13.776553202875828], [100.81434419735812, 13.777543181838958], [100.81349256595888, 13.777561018515398], [100.81236880651123, 13.777717020850481], [100.81165984540675, 13.777864198955378], [100.8105986090186, 13.777953356203758], [100.79924566698529, 13.778836308220754], [100.79925461926061, 13.779326750505556], [100.80043624097887, 13.787709942983026], [100.7949604652635, 13.790398741927019], [100.79459481658586, 13.790866967570766], [100.79418905838986, 13.791366349223901], [100.79362277298198, 13.792200225778293], [100.79105434682681, 13.79518339886294], [100.79040329978538, 13.795098605574728], [100.78985485381061, 13.794915809095576], [100.78910121919264, 13.79463490292797], [100.78665762879717, 13.789961780231685], [100.78671116315493, 13.789172508975467], [100.78682709698894, 13.788249442166398], [100.78688063144298, 13.787491396028111], [100.78704114891919, 13.786733345245542], [100.78909235395146, 13.77968794124872], [100.78917704716329, 13.77889875884734], [100.78916809584463, 13.778341347249707], [100.78688063144298, 13.774417340273414], [100.78646147985877, 13.774194399666264], [100.78577474662184, 13.77394915787591], [100.78522624151726, 13.773797473929365], [100.78461542765002, 13.773712786260013], [100.77784647747622, 13.775309110532678], [100.77734259738943, 13.775581165059487], [100.77662469125704, 13.775893243448767], [100.77475628489196, 13.776267819137983], [100.77380208752182, 13.776089495015007], [100.76917348982403, 13.776883238021028], [100.76869194355494, 13.776664742197914], [100.76820592508867, 13.776379307324465], [100.76455837127257, 13.77265151434229], [100.763626391438, 13.772210081504047], [100.76262756300021, 13.772036191923132], [100.75917175702058, 13.773231161547992], [100.75551526153733, 13.77315089691137], [100.7547617298603, 13.772838814278861], [100.752884465946, 13.771269210648123], [100.75257232358938, 13.770916901407428], [100.7515244001147, 13.769592582426382], [100.75107400310212, 13.769307198299456], [100.75077081442939, 13.767536933213535], [100.74421593243136, 13.765909376952495], [100.74263739537757, 13.767028592551672], [100.73811141093475, 13.769695093727801], [100.73771011156094, 13.770163374006858], [100.73449066026609, 13.769744205496163], [100.73383510180147, 13.769262606186098], [100.73317516094889, 13.768883559065458], [100.73259548003298, 13.76863387189817], [100.7289346013541, 13.770230212639841], [100.72633491387056, 13.771438617817235], [100.72142104455764, 13.77183994323898], [100.72131396428229, 13.765664105386824], [100.72126941204318, 13.765111170664797], [100.721086558867, 13.764553826633577], [100.72069419121601, 13.76393842723977], [100.71891944050975, 13.760166043500947], [100.71856716058413, 13.75958185706733], [100.71702431742568, 13.757414791126319], [100.71569994718844, 13.75570689595944], [100.71520947311956, 13.755323440794681]]]}, "id": "00010000000000000fd6", "properties": {"ADM0_CODE": 240, "ADM0_NAME": "Thailand", "ADM1_CODE": 2853, "ADM1_NAME": "Bangkok", "ADM2_CODE": 26415, "ADM2_NAME": "Latkrabang", "DISP_AREA": "NO", "EXP2_YEAR": 3000, "STATUS": "Member State", "STR2_YEAR": 1000, "Shape_Area": 0.00978017697791, "Shape_Leng": 0.492332649247, "NAME_2": "Latkrabang", "NAME_1": "Bangkok"}}, {"type": "Feature", "geometry": {"type": "Polygon", "coordinates": [[[100.67922896324777, 13.850382605920302], [100.67617898904861, 13.84775616891334], [100.67575087619113, 13.8469758382776], [100.67472977479366, 13.845058379267368], [100.67471189401357, 13.84417100476912], [100.67601840351323, 13.842864498315926], [100.68351867959541, 13.841874639793074], [100.68402248511951, 13.8416338251921], [100.68456205869703, 13.841196789312995], [100.68492770840491, 13.840661718714564], [100.68740699396729, 13.83242576212421], [100.68767008393446, 13.831895140728111], [100.68799559431328, 13.831293127545349], [100.68840132318273, 13.830659947576693], [100.68882940817353, 13.829964374051473], [100.68946264052856, 13.828898642003432], [100.69676218969245, 13.81740309581537], [100.69709211707516, 13.816966096163723], [100.69749350020139, 13.816497879746517], [100.69809549213983, 13.815860199586643], [100.70176083920177, 13.812658575727133], [100.70198828360321, 13.812225997379345], [100.70242967350603, 13.810308626234116], [100.70245203112529, 13.809782465558174], [100.70259916159166, 13.808235117312048], [100.70534592614851, 13.805479450248402], [100.70575173043927, 13.80517619765349], [100.70612184887959, 13.804872939119901], [100.70665690652142, 13.804302189843867], [100.7075665631414, 13.801555405125224], [100.70765574058102, 13.80096234140978], [100.70774938988357, 13.800271226908158], [100.70793221698344, 13.797207773008974], [100.70788767111901, 13.796717307759621], [100.7081239880323, 13.794969301738687], [100.70881514103682, 13.79360929790301], [100.71219513084922, 13.790019677106196], [100.71277038541342, 13.789315212996955], [100.71306467907054, 13.78891389747406], [100.71633318973865, 13.784637594042591], [100.71680586685817, 13.784066806128122], [100.71710017321452, 13.783701175641726], [100.71743903089086, 13.7833310663416], [100.71977116183545, 13.778711432343314], [100.71997181588249, 13.778149622730842], [100.72039987355375, 13.777155203221962], [100.72147454173708, 13.774631369851166], [100.72174650054018, 13.77288337832993], [100.72170194809516, 13.772361718039425], [100.72142104455764, 13.77183994323898], [100.72633491387056, 13.771438617817235], [100.7289346013541, 13.770230212639841], [100.73259548003298, 13.76863387189817], [100.73317516094889, 13.768883559065458], [100.73383510180147, 13.769262606186098], [100.73449066026609, 13.769744205496163], [100.73771011156094, 13.770163374006858], [100.73811141093475, 13.769695093727801], [100.74263739537757, 13.767028592551672], [100.74421593243136, 13.765909376952495], [100.75077081442939, 13.767536933213535], [100.75107400310212, 13.769307198299456], [100.7515244001147, 13.769592582426382], [100.75257232358938, 13.770916901407428], [100.752884465946, 13.771269210648123], [100.7547617298603, 13.772838814278861], [100.75551526153733, 13.77315089691137], [100.75917175702058, 13.773231161547992], [100.76262756300021, 13.772036191923132], [100.763626391438, 13.772210081504047], [100.76455837127257, 13.77265151434229], [100.76820592508867, 13.776379307324465], [100.76869194355494, 13.776664742197914], [100.76917348982403, 13.776883238021028], [100.77380208752182, 13.776089495015007], [100.77475628489196, 13.776267819137983], [100.77662469125704, 13.775893243448767], [100.77734259738943, 13.775581165059487], [100.77784647747622, 13.775309110532678], [100.78461542765002, 13.773712786260013], [100.78522624151726, 13.773797473929365], [100.78577474662184, 13.77394915787591], [100.78646147985877, 13.774194399666264], [100.78688063144298, 13.774417340273414], [100.78916809584463, 13.778341347249707], [100.78917704716329, 13.77889875884734], [100.78909235395146, 13.77968794124872], [100.78704114891919, 13.786733345245542], [100.78688063144298, 13.787491396028111], [100.78682709698894, 13.788249442166398], [100.78671116315493, 13.789172508975467], [100.78665762879717, 13.789961780231685], [100.78910121919264, 13.79463490292797], [100.78985485381061, 13.794915809095576], [100.79040329978538, 13.795098605574728], [100.79105434682681, 13.79518339886294], [100.79362277298198, 13.792200225778293], [100.79418905838986, 13.791366349223901], [100.79459481658586, 13.790866967570766], [100.7949604652635, 13.790398741927019], [100.80043624097887, 13.787709942983026], [100.8010561097935, 13.78970316358607], [100.80480175007493, 13.792704077241783], [100.8055954537378, 13.793248121256614], [100.81037115972737, 13.800204341676745], [100.80723642708872, 13.805956521260088], [100.80692875317392, 13.807735738492992], [100.80654076178446, 13.810901723986184], [100.80663442363797, 13.811815817761046], [100.80798555786335, 13.816520132793071], [100.80843140626935, 13.817001737045674], [100.81300201184959, 13.822089596149699], [100.81338546688022, 13.822539951875786], [100.81370659229489, 13.822990279051787], [100.81395178476716, 13.823378216563615], [100.81419258712268, 13.823868731909476], [100.81434419735812, 13.824519741432043], [100.81355937380577, 13.831832683410235], [100.81326958650259, 13.832564004027702], [100.81280580813737, 13.833362176351574], [100.81247142767289, 13.833830348810885], [100.81203442759337, 13.834200507572124], [100.81166871276841, 13.834472528142514], [100.80780718465536, 13.83613575021433], [100.80747273579853, 13.836537040228098], [100.80713828812621, 13.837103349762373], [100.80694657309631, 13.83760280477821], [100.80415964697288, 13.842035158289132], [100.7924366747286, 13.872392652152785], [100.793930489589, 13.873770540968225], [100.79525036851834, 13.876731391545345], [100.79556248032273, 13.877119310585563], [100.79584343347565, 13.87750730443296], [100.79616449922472, 13.877926409961308], [100.79647661405419, 13.878345564132069], [100.8003159003034, 13.882893909328027], [100.8004674882609, 13.883544869117888], [100.79835388689258, 13.887370841143511], [100.7978900957131, 13.88810658719286], [100.79619565901513, 13.888931491172846], [100.7937476670698, 13.891022815028144], [100.79373871531713, 13.89454103763292], [100.79388581682205, 13.894995842321363], [100.79403748052147, 13.895749486157628], [100.79415342336654, 13.896436134336062], [100.79417571677327, 13.90477910138046], [100.79427384225556, 13.906290733658043], [100.79443428624656, 13.907499233601714], [100.79458595082808, 13.908350856514879], [100.79476877497251, 13.909037555936893], [100.79491587808425, 13.90959494355944], [100.79795258860102, 13.927930830484865], [100.79741744078984, 13.927850549175515], [100.79671289582403, 13.927752414828129], [100.79621795290463, 13.92771232111075], [100.79541976608212, 13.927658765015035], [100.7948133620822, 13.92755180101304], [100.79411331246266, 13.92738232352468], [100.79352017231135, 13.927328791699074], [100.79261949470587, 13.927270886808564], [100.79191489951155, 13.927119234742875], [100.79121487141154, 13.926972089969306], [100.79041225122137, 13.926931978754201], [100.78961402747468, 13.926882940699187], [100.78901652604895, 13.926771460631363], [100.78831643340412, 13.926610867169144], [100.78751383789572, 13.926539584177014], [100.78701885719971, 13.926512824343819], [100.78641689669936, 13.926410263169815], [100.78581046454498, 13.92624077926029], [100.78501666917204, 13.926160541252324], [100.78431660624544, 13.926120381787923], [100.78351395874363, 13.925991130128608], [100.7828139069848, 13.925830515326611], [100.78211386042913, 13.925772629338722], [100.78161443280513, 13.925750331348667], [100.78111053255319, 13.925719066471418], [100.78031238761223, 13.925571970710035], [100.77961674879556, 13.925420313026091], [100.77871603196566, 13.925362349755526], [100.77801592981423, 13.925282108014825], [100.77741394079375, 13.925112662213852], [100.77662021619403, 13.925010044172375], [100.7758175482375, 13.924969966466346], [100.775313679012, 13.924943224962131], [100.7745110221982, 13.924791593362434], [100.77391800546309, 13.924639980216083], [100.77301725711028, 13.924550833368825], [100.77251340287876, 13.924470492070933], [100.77181334686695, 13.924323367488224], [100.77101958345125, 13.924122709338386], [100.77031506379241, 13.923913107735087], [100.7696149380874, 13.923712473161732], [100.76891490364572, 13.923569788644405], [100.76841546000824, 13.923480599762033], [100.76761733668286, 13.923360248277433], [100.76701532814198, 13.923253179317081], [100.76641779803276, 13.923070408615997], [100.76561513107464, 13.922869687292495], [100.76491504036059, 13.922660131070332], [100.7642150409076, 13.922481728802838], [100.7636174425489, 13.922370263874509], [100.76311363867688, 13.922290070834542], [100.76231538826728, 13.922160713233017], [100.76171788803171, 13.922022529091443], [100.76101782634434, 13.921821860445963], [100.76021520549764, 13.921612211649226], [100.75951506896185, 13.921411628126963], [100.7589175865319, 13.921259992655225], [100.75831563370956, 13.92117078788294], [100.75781177221994, 13.92109948692537], [100.7573167756798, 13.92101024710575], [100.75661666074411, 13.920858619094895], [100.75591216298925, 13.920671396044234], [100.75510949972315, 13.920452912147388], [100.75432026532094, 13.920261149623906], [100.75361569875437, 13.92010953365953], [100.75291561140897, 13.92002929061587], [100.75221114141893, 13.919971322791268], [100.75151992624646, 13.919922279081371], [100.75091346096444, 13.91979292608774], [100.7501153142303, 13.91966360204189], [100.74951333179546, 13.919623514126242], [100.74881774878224, 13.919592286891469], [100.7480150601352, 13.919561091161672], [100.74741309117157, 13.919520909530089], [100.746713050086, 13.91939158857397], [100.74591932664414, 13.919262313982108], [100.74541544564997, 13.919222144347351], [100.74471085989549, 13.919199856777349], [100.74401969996364, 13.91916867989726], [100.74351582917257, 13.919132957005333], [100.742811343714, 13.919003644879538], [100.74201309384178, 13.918869929393948], [100.74141563677618, 13.918829792612218], [100.74061739878366, 13.918798546561636], [100.73991293509735, 13.918771786272405], [100.73931987867398, 13.918731710697056], [100.73871787948606, 13.918642449987228], [100.73801334404814, 13.918499768332891], [100.73741135324983, 13.91845074308361], [100.73681831265107, 13.918419563100668], [100.73601564067125, 13.918388321714975], [100.73531559863851, 13.918361525231662], [100.73461100275249, 13.918281332939213], [100.73391544424035, 13.918143040506843], [100.73301912243299, 13.918040515250183], [100.73231462983283, 13.918009279533795], [100.73171258962174, 13.917982498967643], [100.73091890714595, 13.917920115075924], [100.73021881717443, 13.917781923093363], [100.72931805792464, 13.917661509336877], [100.72861350714285, 13.917630263983842], [100.72791343440306, 13.917603531938662], [100.72721783960527, 13.917572322427816], [100.72661583215402, 13.91752326725122], [100.72591577434886, 13.917380519854767], [100.72501505648846, 13.917269076412564], [100.7242123996315, 13.917233425683497], [100.72340974965672, 13.917211127140686], [100.72261605154186, 13.91717097187119], [100.72201407368226, 13.917121902310198], [100.72131396428229, 13.916992583986225], [100.72060947373441, 13.916890080515907], [100.71991831956213, 13.916849921919214], [100.71911562040857, 13.916823157780202], [100.71831301414703, 13.916800838490076], [100.71771106396952, 13.916760746494797], [100.71701984520422, 13.916658168182451], [100.71641343115556, 13.916533335064926], [100.71551719090034, 13.916453077682924], [100.71501330141271, 13.916453077489859], [100.71431763049188, 13.91649323437538], [100.71371570602726, 13.916613572897893], [100.71301110069987, 13.91676969604514], [100.71241804264783, 13.916818759074934], [100.71171353309886, 13.917019394523557], [100.71101350079283, 13.917162043083511], [100.71031338773076, 13.917211115291527], [100.70971587492006, 13.917389476379455], [100.70901577157713, 13.917532211110164], [100.70831128766972, 13.917581209400973], [100.70751307391757, 13.917661492008941], [100.70691557900977, 13.917661505120828], [100.70621549664487, 13.917563386594379], [100.70531471050685, 13.91732258058808], [100.70481973329626, 13.91714871160932], [100.70421778400288, 13.916952500708973], [100.70361136700828, 13.916729511049972], [100.70292016650538, 13.916502141978446], [100.70231822945294, 13.916261317057598], [100.70161371005604, 13.916033919820604], [100.7010116954342, 13.915810989581585], [100.70041862754694, 13.915601368047023], [100.69971412248081, 13.915382867215426], [100.69901400810221, 13.915133180596293], [100.69811329141777, 13.91482992202205], [100.69691378245244, 13.914441976440298], [100.69551807213965, 13.913951546855472], [100.69371662894626, 13.913331724186238], [100.69141575737879, 13.91256026251585], [100.69131318247503, 13.91341197881335], [100.69141575737879, 13.914272556141805], [100.69161187953306, 13.914700654095899], [100.6919196055679, 13.915579084176755], [100.69211581476267, 13.916020537200396], [100.69195528775272, 13.916738471325111], [100.69097871856809, 13.915503311376304], [100.68986399083775, 13.912506769009644], [100.68943590109846, 13.911659490590296], [100.68834784493875, 13.90997401947234], [100.68742926201091, 13.908190395439002], [100.68734904549255, 13.907534869873635], [100.68720185308958, 13.90526967686934], [100.68712602158013, 13.904810374913954], [100.68791082050245, 13.902888448068472], [100.68830769328696, 13.902322192998405], [100.6888116106664, 13.90142145464024], [100.69245913885558, 13.89946835270697], [100.69282481952551, 13.899000112716143], [100.6931592040683, 13.898531943340405], [100.69331973314956, 13.89793884521794], [100.6947689784645, 13.894982465080327], [100.69569201887961, 13.891575746293244], [100.69561170927179, 13.885074378748284], [100.69546458981614, 13.884289612600513], [100.69521489139946, 13.883669774359152], [100.69453260935974, 13.880169386977316], [100.69496957883281, 13.879768089055554], [100.69432753879532, 13.876365774600155], [100.69297640589, 13.871728269384864], [100.69113030193311, 13.869668207988342], [100.68977474441147, 13.86825016646047], [100.68882940817353, 13.867188911081005], [100.68772803260869, 13.863238123124848], [100.68771909097114, 13.862645127308529], [100.68787961069091, 13.862150107694227], [100.68787522584218, 13.861655174005065], [100.68779939378517, 13.861200377536896], [100.68763887420347, 13.858212717154066], [100.68758978123181, 13.857557282551712], [100.68748282570522, 13.857066779519524], [100.6866221992851, 13.854783727520656], [100.68640811862205, 13.854328908529187], [100.68560106473451, 13.853165047656733], [100.68534692201422, 13.852679005315066], [100.68184651183634, 13.85140813062388], [100.68050432875718, 13.850913241527147], [100.67922896324777, 13.850382605920302]]]}, "id": "00010000000000000fd7", "properties": {"ADM0_CODE": 240, "ADM0_NAME": "Thailand", "ADM1_CODE": 2853, "ADM1_NAME": "Bangkok", "ADM2_CODE": 26416, "ADM2_NAME": "Minburi", "DISP_AREA": "NO", "EXP2_YEAR": 3000, "STATUS": "Member State", "STR2_YEAR": 1000, "Shape_Area": 0.0154227861374, "Shape_Leng": 0.559993327113, "NAME_2": "Minburi", "NAME_1": "Bangkok"}}, {"type": "Feature", "geometry": {"type": "Polygon", "coordinates": [[[100.88144473699242, 13.736091382721613], [100.88181485645545, 13.73696087579586], [100.88231877607363, 13.73793292289397], [100.88281373818646, 13.73872220970783], [100.88391955056905, 13.740421124938292], [100.88551147771409, 13.742882547599379], [100.88731297134672, 13.74594152557194], [100.8895202330648, 13.749459700554997], [100.89181663911086, 13.753272241074633], [100.89411310050927, 13.757231923851418], [100.89651655155845, 13.761191602748367], [100.89881743470453, 13.76500860607801], [100.90101574250579, 13.768651729903057], [100.90311603506962, 13.772120852652673], [100.90521180656448, 13.775380514038837], [100.90721834408888, 13.778439446163135], [100.90921604732848, 13.781279850676171], [100.91121818762039, 13.783888487090138], [100.91321588838584, 13.786247350186486], [100.91521354476069, 13.788369831768412], [100.91731380502019, 13.790309565478754], [100.91951658973264, 13.79213775804302], [100.92201368059257, 13.793939273098466], [100.9248139785769, 13.795776457059192], [100.92791751030633, 13.797729486046967], [100.93141343540677, 13.799878820238924], [100.93551583889163, 13.802277790327445], [100.93651467934559, 13.806928632290644], [100.9353196408523, 13.811958495213577], [100.93231422335509, 13.817184576950163], [100.92801560168641, 13.822468577626893], [100.9230124662514, 13.827605478264967], [100.91761701026235, 13.832448031847113], [100.91231510804325, 13.83680457342263], [100.90761519263998, 13.840527935361441], [100.90391418077554, 13.843453100761], [100.90111389243073, 13.84567379471975], [100.89911618650693, 13.847274602635892], [100.89780968206819, 13.848367051589719], [100.89711852243815, 13.849035886833116], [100.89671275607832, 13.849397111296595], [100.89721658218285, 13.849633397523474], [100.89780968206819, 13.849615579526333], [100.89841614193377, 13.849472893392374], [100.89901812480836, 13.849374794448167], [100.89971369292002, 13.849334683731104], [100.90051189632507, 13.849303494287124], [100.90151071558901, 13.84928564702116], [100.90201456704668, 13.849276697384862], [100.90281727073662, 13.849236578361023], [100.90351734761778, 13.849156315266619], [100.90411479543009, 13.849027014501047], [100.90471681427562, 13.848964568204385], [100.90561752291134, 13.849013622494367], [100.90631762034164, 13.849316874790324], [100.90671446514693, 13.849856425796037], [100.90701324168437, 13.850485132548716], [100.90721834408888, 13.85137250169674], [100.90731650039557, 13.851916540641321], [100.9074190518686, 13.852505121309445], [100.90761519263998, 13.85311602232974], [100.90771334935486, 13.853726867594268], [100.90781590125437, 13.854324437313165], [100.90801212901965, 13.854895138212507], [100.9081101999644, 13.855425850208468], [100.90821723357097, 13.855885087771854], [100.90841785727282, 13.856656524996302], [100.90861408627578, 13.857245111044465], [100.90871215783909, 13.857722284227485], [100.90881471081185, 13.858364345631706], [100.9089128687604, 13.859024310361736], [100.90901094063071, 13.859532623025187], [100.90911797524741, 13.86015687458107], [100.90931860084264, 13.861004118124349], [100.90941667312984, 13.861574880560214], [100.90951483169745, 13.862283872180571], [100.90961290418628, 13.863153429223093], [100.90971545812683, 13.864214659440432], [100.90981353082176, 13.865494482206687], [100.90981353082176, 13.866992740466952], [100.9099116897975, 13.868664882335024], [100.9099116897975, 13.870452998486842], [100.9099116897975, 13.872285707254894], [100.9099116897975, 13.874082681169243], [100.9099116897975, 13.875803884445778], [100.9099116897975, 13.87736462177336], [100.9099116897975, 13.8786933649264], [100.9099116897975, 13.879763591070303], [100.9099116897975, 13.880575119534713], [100.91001872542425, 13.88117268393209], [100.91001872542425, 13.881895077049716], [100.91011679843078, 13.882474731890659], [100.91021935291269, 13.88306334636463], [100.91021935291269, 13.883585042681919], [100.91041558561923, 13.884124620937229], [100.91051365903348, 13.884641829975006], [100.91061621394175, 13.88523490116902], [100.91081244746408, 13.88582350591661], [100.91091052128606, 13.886394278007574], [100.91091052128606, 13.887094367332347], [100.91111563206545, 13.887714156498335], [100.91121818762039, 13.888164533309524], [100.91131626185918, 13.888614938192054], [100.91151249682048, 13.88905186294198], [100.91161505280174, 13.889872357726292], [100.91171312744821, 13.890523396018505], [100.91181120219544, 13.891022830818253], [100.91201640109176, 13.891531149161638], [100.91201640109176, 13.892124230961874], [100.9121189576143, 13.892654872659751], [100.91231510804325, 13.893140922056087], [100.91231510804325, 13.893800830194985], [100.91241318340883, 13.894460782773201], [100.91241318340883, 13.895200951453736], [100.91261390211167, 13.895713757869508], [100.91271197778416, 13.896253336493336], [100.91271197778416, 13.896801774427098], [100.91271197778416, 13.897443904155029], [100.91271197778416, 13.898090485933645], [100.91281901655049, 13.898643453534016], [100.91291709243364, 13.899330121677696], [100.91301516841757, 13.900021241972333], [100.91301516841757, 13.900569782151369], [100.91311772601289, 13.901220752416558], [100.91311772601289, 13.901862902666453], [100.91311772601289, 13.902411363008682], [100.91331396467665, 13.90325415197601], [100.91341204106817, 13.90380256879039], [100.91341204106818, 13.904342138318594], [100.91341204106817, 13.90499320142206], [100.91341204106818, 13.905644180452015], [100.91351459908975, 13.906192666382864], [100.9136127618707, 13.906879365834738], [100.91371083856912, 13.907570521553632], [100.91371083856912, 13.90812345370735], [100.9138178784551, 13.90877006790375], [100.9138178784551, 13.909412165931277], [100.9138178784551, 13.909960656180836], [100.91391595536417, 13.910651739285898], [100.91411659104207, 13.911342921625605], [100.91411659104207, 13.91189141934593], [100.91411659104207, 13.912542430687678], [100.91411659104207, 13.913180096832402], [100.91421466825794, 13.913732999643603], [100.91431283175851, 13.914424183678374], [100.91441539074748, 13.915052879852512], [100.91441539074748, 13.915552360257722], [100.9145134682702, 13.916123069842833], [100.9145134682702, 13.916702820745252], [100.9145134682702, 13.917193320757203], [100.91461154589366, 13.917830955204481], [100.9147185867892, 13.918522107707762], [100.9148166646233, 13.919061681079004], [100.9148166646233, 13.919712638782144], [100.9148166646233, 13.920350337844278], [100.91491474255812, 13.920898817307691], [100.91501730219346, 13.92158992411337], [100.91511546651903, 13.92223202309196], [100.91511546651903, 13.92272254253973], [100.91521354476069, 13.923302266187205], [100.91521354476069, 13.92387297294973], [100.91521354476069, 13.924359048456381], [100.91531162310307, 13.92499226375916], [100.91551226171299, 13.925620948847953], [100.915512261713, 13.926120379895925], [100.915512261713, 13.92698993880507], [100.915512261713, 13.927529511402545], [100.91561930361804, 13.92812254872702], [100.91571738237708, 13.928693306130793], [100.91581554742216, 13.929339885689787], [100.91581554742216, 13.929950754354186], [100.9159181080248, 13.930610753140789], [100.9159181080248, 13.931212727358592], [100.91601618709065, 13.931863684629832], [100.91611426625724, 13.932438906239735], [100.91621234552451, 13.933018667309726], [100.91621234552451, 13.933571526176724], [100.91621234552451, 13.934160162817038], [100.91621234552451, 13.934699675953576], [100.9163149065532, 13.935288318795287], [100.91641307221236, 13.935841211547803], [100.91651115178647, 13.936420898552417], [100.91651115178647, 13.936969408020007], [100.9166181948109, 13.93754904429888], [100.9166181948109, 13.93810200846203], [100.91671627459561, 13.93869060475038], [100.91681883616536, 13.939261374544957], [100.91691691615608, 13.939907916420694], [100.91691691615608, 13.940518831328962], [100.91691691615608, 13.94116988939307], [100.91691691615608, 13.94178072276912], [100.91701499624749, 13.942427363147152], [100.91711307643959, 13.94300253795288], [100.91721124291902, 13.943591149519014], [100.91721124291902, 13.944148500826829], [100.91731380502019, 13.944799574135628], [100.91731380502019, 13.945477355133193], [100.91741188551907, 13.946141726204512], [100.91741188551907, 13.946739317031664], [100.91731380502019, 13.94767120037343], [100.91501730219346, 13.947430457020257], [100.91341204106818, 13.947118282393493], [100.9122170327784, 13.946890917413212], [100.91131626185918, 13.946708047915862], [100.91071428756213, 13.946578722614117], [100.91001872542425, 13.94637812930968], [100.90931860084264, 13.946288916982455], [100.90861408627578, 13.946217528062478], [100.90801212901965, 13.946061489996929], [100.90731650039557, 13.945909846675217], [100.90671446514693, 13.945851896240807], [100.90611251987315, 13.945669060711174], [100.90541690509684, 13.945539750375476], [100.90481488183357, 13.945499683501044], [100.90421294854407, 13.945419380605411], [100.90361989500744, 13.9452187703791], [100.90301340204786, 13.945138494712522], [100.90241148012568, 13.945080526346425], [100.90181843778934, 13.944897712578124], [100.90111389243073, 13.944750550425107], [100.90041374701971, 13.94467919777266], [100.89981623621995, 13.944482965273703], [100.89921424830636, 13.944380396368437], [100.89861226419349, 13.944340309328357], [100.89801924548436, 13.944260022646647], [100.89731472819705, 13.944059350264437], [100.89661461068391, 13.943992521103223], [100.89611966301784, 13.943970210198234], [100.89561575654407, 13.943938963760171], [100.89512081406482, 13.943898847575603], [100.89451437516483, 13.943769498984299], [100.89361368523922, 13.943617874172828], [100.8930116503315, 13.943591125296317], [100.89232052549578, 13.943559919001132], [100.89171410441698, 13.94352873868492], [100.8910140280485, 13.943448449457884], [100.89042097045585, 13.943310195688863], [100.889917094118, 13.943247779072916], [100.88931060217719, 13.943207693501368], [100.88861941803079, 13.943180928576767], [100.88781683390789, 13.943149747445856], [100.88721483563481, 13.943109541127681], [100.8864121771906, 13.94298026677564], [100.88571213979266, 13.942859900910085], [100.88521716260951, 13.942819762825827], [100.8845126538314, 13.94278852217766], [100.8838125442438, 13.942761794053425], [100.88301878851901, 13.942690402667312], [100.88241682058363, 13.942547725663397], [100.88151607275461, 13.942440732273868], [100.8808115913694, 13.942409478130985], [100.88011150900546, 13.942378285807298], [100.87941591171857, 13.942351515031824], [100.87881388042116, 13.942302471886569], [100.87811381275564, 13.942159827011983], [100.87751626953467, 13.94207060809062], [100.87691433640839, 13.942030456661094], [100.8762142827216, 13.94199925024938], [100.87541163090305, 13.941968025603668], [100.87481858436693, 13.94193235631381], [100.87401594432735, 13.941798581403186], [100.87331582582776, 13.941669274631156], [100.87271831275046, 13.941629174537303], [100.87211632384525, 13.94159791374937], [100.87141621933303, 13.94158013387442], [100.87061360801422, 13.941513194985696], [100.87001611191987, 13.94137054124786], [100.86911978867725, 13.941250117083483], [100.86841531296848, 13.941218909021], [100.86761264084754, 13.94119219415027], [100.86701068427658, 13.941160917532294], [100.86641760400605, 13.941111873439949], [100.86571306218904, 13.940978113383983], [100.86491489213768, 13.940857716468416], [100.86431734573418, 13.940830946975815], [100.86361729867424, 13.940799786219108], [100.86301528127917, 13.940768588286112], [100.86231076469463, 13.940688314103687], [100.86171771376532, 13.94055006134735], [100.86111570841062, 13.940469809364386], [100.86062077311374, 13.940443051669924], [100.86001429570061, 13.940411783403942], [100.85941238727906, 13.940380570330795], [100.85871676919118, 13.940260174854632], [100.8580166772819, 13.940099656732567], [100.85721400689981, 13.940032756250078], [100.85651392607296, 13.939992671484786], [100.85592091135089, 13.939867840012441], [100.85521636127562, 13.939689445915102], [100.85451629518329, 13.939631462282057], [100.85381175553566, 13.939551247152687], [100.85312057105008, 13.93935051480929], [100.85241604176542, 13.939270294293651], [100.85191210844117, 13.939239119080886], [100.85111396828225, 13.939158813204815], [100.85041832489078, 13.93896263479595], [100.84971829419992, 13.938877926863693], [100.84921437520654, 13.93886001036478], [100.84841177928195, 13.938779806346101], [100.84781864295192, 13.93857021109028], [100.84711415304564, 13.938489970476011], [100.84621339539736, 13.938409703978275], [100.84561140227497, 13.938249198643325], [100.84481770731354, 13.938119881554806], [100.8439169714828, 13.938070761644832], [100.84331499294252, 13.937972651261376], [100.84271301822528, 13.937798782812948], [100.84191926141321, 13.937718506498998], [100.84121920735286, 13.937678368809417], [100.84041659299508, 13.9375490846106], [100.83971207198181, 13.93736181827716], [100.83921707611927, 13.93732165892178], [100.83851704202212, 13.937250353268], [100.83791501166867, 13.937089825772018], [100.83731746308139, 13.936969417913085], [100.83661744302125, 13.936929263062954], [100.83581478153471, 13.93685791477197], [100.83521276835569, 13.936701829304369], [100.83451715554716, 13.93655918081796], [100.83381707007317, 13.936461067021822], [100.83331323562433, 13.936371889593243], [100.83271571607072, 13.936251466550027], [100.83181940075603, 13.936068648231904], [100.8308161473249, 13.93584120873944], [100.82961218835678, 13.935542442637148], [100.82831456127302, 13.935199155471748], [100.82681185040273, 13.934820078551162], [100.82521996040326, 13.934432145594638], [100.8237172125795, 13.934039779862228], [100.82221009750357, 13.933660776553962], [100.82091696300655, 13.93332186449033], [100.81971743491746, 13.933018649229473], [100.81871861467683, 13.932791210770516], [100.81791593280589, 13.932599433509155], [100.8171177347349, 13.932438960400052], [100.81631515255236, 13.932278417949219], [100.81551249109032, 13.932100070822544], [100.81461177581177, 13.93188158513123], [100.81341671844771, 13.931609551718628], [100.8119139860434, 13.931261780283547], [100.81021955586733, 13.930820258931357], [100.80821291532196, 13.930320906143269], [100.80611274207011, 13.929781278453275], [100.80411505544625, 13.929241771361555], [100.80221545875827, 13.928728942503096], [100.80071273243979, 13.92827861691169], [100.79961580984661, 13.927939718952281], [100.79911637556522, 13.927721257148903], [100.79841629400893, 13.927899607537102], [100.79795258860102, 13.927930830484865], [100.79491587808425, 13.90959494355944], [100.79476877497251, 13.909037555936893], [100.79458595082808, 13.908350856514879], [100.79443428624656, 13.907499233601714], [100.79427384225556, 13.906290733658043], [100.79417571677327, 13.90477910138046], [100.79415342336654, 13.896436134336062], [100.79403748052147, 13.895749486157628], [100.79388581682205, 13.894995842321363], [100.79373871531713, 13.89454103763292], [100.7937476670698, 13.891022815028144], [100.79619565901513, 13.888931491172846], [100.7978900957131, 13.88810658719286], [100.79835388689258, 13.887370841143511], [100.8004674882609, 13.883544869117888], [100.8003159003034, 13.882893909328027], [100.79647661405419, 13.878345564132069], [100.79616449922472, 13.877926409961308], [100.79584343347565, 13.87750730443296], [100.79556248032273, 13.877119310585563], [100.79525036851834, 13.876731391545345], [100.793930489589, 13.873770540968225], [100.7924366747286, 13.872392652152785], [100.80415964697288, 13.842035158289132], [100.80694657309631, 13.83760280477821], [100.80713828812621, 13.837103349762373], [100.80747273579853, 13.836537040228098], [100.80780718465536, 13.83613575021433], [100.81166871276841, 13.834472528142514], [100.81203442759337, 13.834200507572124], [100.81247142767289, 13.833830348810885], [100.81280580813737, 13.833362176351574], [100.81326958650259, 13.832564004027702], [100.81355937380577, 13.831832683410235], [100.81434419735812, 13.824519741432043], [100.81419258712268, 13.823868731909476], [100.81395178476716, 13.823378216563615], [100.81370659229489, 13.822990279051787], [100.81338546688022, 13.822539951875786], [100.81300201184959, 13.822089596149699], [100.80843140626935, 13.817001737045674], [100.80798555786335, 13.816520132793071], [100.80663442363797, 13.811815817761046], [100.80654076178446, 13.810901723986184], [100.80692875317392, 13.807735738492992], [100.80723642708872, 13.805956521260088], [100.81037115972737, 13.800204341676745], [100.8055954537378, 13.793248121256614], [100.80480175007493, 13.792704077241783], [100.8010561097935, 13.78970316358607], [100.80043624097887, 13.787709942983026], [100.79925461926061, 13.779326750505556], [100.79924566698529, 13.778836308220754], [100.8105986090186, 13.777953356203758], [100.81165984540675, 13.777864198955378], [100.81236880651123, 13.777717020850481], [100.81349256595888, 13.777561018515398], [100.81434419735812, 13.777543181838958], [100.82026588220585, 13.776553202875828], [100.82087675463363, 13.776209925053596], [100.82138069506989, 13.775902234893284], [100.82178648401573, 13.775598971484131], [100.82218779747792, 13.77529128630818], [100.82286997400095, 13.774885492359562], [100.8292019743947, 13.770502228027716], [100.83020968832226, 13.769623797984377], [100.83061103751277, 13.769253710889764], [100.83480700794844, 13.765481286992246], [100.83540901854822, 13.764874836129682], [100.83708116590502, 13.763193738751365], [100.8389049062587, 13.761967481785456], [100.84108098840866, 13.76139678402242], [100.84339973475475, 13.763015434106245], [100.84448329984839, 13.764469097537932], [100.84521455396367, 13.765405448474363], [100.84577193340054, 13.765887098636371], [100.84632931611415, 13.766333010731428], [100.85061452044286, 13.765909353523078], [100.8512655515231, 13.765860290288494], [100.8518140092726, 13.76584697382636], [100.85570687571992, 13.765922703233077], [100.8562151357666, 13.765913860054273], [100.8572407940517, 13.765690851262598], [100.8580166772819, 13.765543672070816], [100.86288598887234, 13.764807952893833], [100.86353253880448, 13.764660830608728], [100.86397399728827, 13.764486894396263], [100.86447790850401, 13.764312977041321], [100.86816558628378, 13.76231980531581], [100.86856692383193, 13.76191842973527], [100.86923125792161, 13.760982024283711], [100.86942301289355, 13.760487109456932], [100.87091683699585, 13.756509609426717], [100.87111746829407, 13.755947737670231], [100.8711709643021, 13.755354658889239], [100.87162581080395, 13.754159617833556], [100.87130035412717, 13.753312408779726], [100.87223227619147, 13.751814133949555], [100.8739223019949, 13.745959351491893], [100.87432805738558, 13.745491091994735], [100.87465800412821, 13.744857923465402], [100.87744045693758, 13.740590577303388], [100.87794435338999, 13.740051067195903], [100.87827879255006, 13.739649693110428], [100.87974587610923, 13.737973124564466], [100.88144473699242, 13.736091382721613]]]}, "id": "00010000000000000fd8", "properties": {"ADM0_CODE": 240, "ADM0_NAME": "Thailand", "ADM1_CODE": 2853, "ADM1_NAME": "Bangkok", "ADM2_CODE": 26417, "ADM2_NAME": "Nong Chok", "DISP_AREA": "NO", "EXP2_YEAR": 3000, "STATUS": "Member State", "STR2_YEAR": 1000, "Shape_Area": 0.0199945846477, "Shape_Leng": 0.658052656828, "NAME_2": "Nong Chok", "NAME_1": "Bangkok"}}, {"type": "Feature", "geometry": {"type": "Polygon", "coordinates": [[[100.34671828173201, 13.651515575971972], [100.35666653863808, 13.653941348403443], [100.35713916663606, 13.653763009496622], [100.36178556502024, 13.653865518754174], [100.36223594496484, 13.654249041591484], [100.36398394078088, 13.656906650654001], [100.36481335749795, 13.657316907097593], [100.37168030578069, 13.65793226898239], [100.37222884110322, 13.65798570493368], [100.37338812775023, 13.65806153322244], [100.3740079623573, 13.658146238351936], [100.37864100520508, 13.659626715167073], [100.37928752508573, 13.659742632357865], [100.38445119561075, 13.662266478989544], [100.38742096035935, 13.664273094460498], [100.38817012259861, 13.664424686201952], [100.39418986903192, 13.665218356485147], [100.39466697862203, 13.66517385059662], [100.3951128945299, 13.664999862075394], [100.39891651025879, 13.664393476378999], [100.40388399193328, 13.667541546760235], [100.40427192586534, 13.667929524275637], [100.40468660387667, 13.668183660213055], [100.40730851340618, 13.669869274887825], [100.4093106751545, 13.671113364142286], [100.40999735876362, 13.671523609232812], [100.4054179092042, 13.676285922406704], [100.40461529078047, 13.677253547247187], [100.40460191958118, 13.682323496785122], [100.40448595022401, 13.68317961569899], [100.4016410189752, 13.686162809806325], [100.40052182461775, 13.686577451766786], [100.40015619098486, 13.6869163427723], [100.39881846101432, 13.692369850150271], [100.39907704041367, 13.693355364685647], [100.39925985486627, 13.694073278991423], [100.39929996610358, 13.694568191620517], [100.39923757085324, 13.695027488269165], [100.39907704041367, 13.695526949821282], [100.39203609378926, 13.698291508288538], [100.39131818010335, 13.698309413162967], [100.39077869875669, 13.69831830549624], [100.38999386412561, 13.698269253435509], [100.38751908294866, 13.70114537521632], [100.38714450375025, 13.701417349512047], [100.38388047721804, 13.70552419255618], [100.38194965907076, 13.708395873444958], [100.3816821310689, 13.70882838675967], [100.37770015352599, 13.722656053902803], [100.3697138486102, 13.72198717004054], [100.3650273741225, 13.73208705776032], [100.35839223821516, 13.731850736161661], [100.35321069841302, 13.732278828567718], [100.34755661938753, 13.732452743365663], [100.33764851054565, 13.73235457779531], [100.33791153979705, 13.731752627802734], [100.33791153979705, 13.731262173650306], [100.33791153979705, 13.730722597674452], [100.33791153979705, 13.730133987735051], [100.337813471165, 13.729491918182442], [100.33771540263989, 13.728822977749681], [100.33761724857243, 13.728122895096853], [100.3375147265064, 13.72741392534059], [100.33731850456545, 13.726700522707239], [100.33721144345122, 13.725991488712545], [100.33701530782051, 13.725300337441633], [100.33691270079193, 13.7246314320099], [100.33671648016423, 13.72401165985319], [100.33661841283504, 13.723431999209875], [100.33661841283504, 13.722901353082188], [100.33661841283502, 13.722054086159059], [100.33671648016423, 13.72139412381835], [100.33681463324879, 13.720863548788802], [100.33691270079193, 13.7203819251162], [100.33701530782051, 13.719891475245731], [100.33701530782051, 13.719383091731157], [100.33701530782051, 13.718852462546359], [100.33691270079193, 13.718303986890591], [100.33681463324879, 13.717755496952062], [100.33671648016423, 13.717193664169475], [100.33651589190737, 13.716631862322384], [100.33641773914879, 13.716083381853666], [100.3363196721453, 13.71554379861922], [100.3363196721453, 13.7150220828956], [100.33641773914879, 13.714553917204645], [100.33661841283502, 13.713782463173134], [100.33701530782051, 13.713265195265832], [100.3375147265064, 13.712912958793607], [100.33801414796494, 13.712631999089927], [100.33861609540037, 13.71228418063507], [100.33901299919954, 13.711771368252071], [100.33921804686331, 13.711053490898491], [100.33921804686331, 13.71024189991699], [100.33901299919954, 13.7095819989898], [100.33841541725772, 13.709180675367092], [100.33771540263989, 13.70899337441615], [100.33681463324879, 13.708881937316859], [100.33611454544005, 13.708592040704465], [100.33591387287794, 13.707941028539334], [100.33581580642382, 13.70744605477026], [100.33581580642382, 13.70681288063991], [100.33581580642382, 13.706103900242814], [100.33591387287794, 13.705412703304498], [100.3360120250867, 13.704792953394042], [100.3362126122199, 13.704315812235865], [100.33661841283504, 13.70363351662691], [100.33701530782051, 13.703044940645333], [100.33721144345122, 13.702456333530103], [100.3374165726579, 13.701872237079488], [100.337813471165, 13.701274685393107], [100.33811221681573, 13.70075296285728], [100.33841541725772, 13.700275893542722], [100.33871416490734, 13.699754175684436], [100.33901299919954, 13.699294827660536], [100.33931620267725, 13.698692848719162], [100.33951679717808, 13.69816226094449], [100.33971302391367, 13.69745321025823], [100.33991370495059, 13.696601530055775], [100.34001177587194, 13.696133350233305], [100.34011884031861, 13.695633915579666], [100.34021691146353, 13.695125614214149], [100.34031498271534, 13.694585999914882], [100.34031498271534, 13.694033145372252], [100.34031498271534, 13.69348465457326], [100.34031498271534, 13.692922820254704], [100.34031498271534, 13.692374334126347], [100.34031498271534, 13.691843731818576], [100.34021691146353, 13.691313059742502], [100.34021691146353, 13.690813601384866], [100.34011884031861, 13.69033648978575], [100.34001177587194, 13.689886186330064], [100.33981118026762, 13.689074595694978], [100.33951679717808, 13.688374491325854], [100.33931620267725, 13.68779483736458], [100.33901299919954, 13.687335496962433], [100.33861609540037, 13.686684530895734], [100.33821927900198, 13.686046820420088], [100.33791153979705, 13.685556359234518], [100.33761724857243, 13.685043529126055], [100.33721144345122, 13.684615445821082], [100.33671648016423, 13.684013515209372], [100.33641773914879, 13.68366572354445], [100.3360120250867, 13.683126166427368], [100.3357176544292, 13.682403748975494], [100.33581580642382, 13.68174381768943], [100.33621261221988, 13.681034827320303], [100.33641773914879, 13.680593355113466], [100.33671648016423, 13.679853158326074], [100.33701530782051, 13.679335895044394], [100.33721144345122, 13.678836457060099], [100.3375147265064, 13.678377186587035], [100.337813471165, 13.677784141285912], [100.33811221681573, 13.677347131476626], [100.33841541725772, 13.676736287154528], [100.33871416490734, 13.676196714499403], [100.33891484371637, 13.675683930743205], [100.33921804686331, 13.674885755944661], [100.33941427294735, 13.674377351174426], [100.33961495331795, 13.673806664990138], [100.33971302391367, 13.673186819112548], [100.33991370495059, 13.672513487933815], [100.34011884031861, 13.671813373970835], [100.34031498271534, 13.671095500836154], [100.34051566509478, 13.67035529001397], [100.34061373667221, 13.669606127059703], [100.34081441971792, 13.66884368683651], [100.34091257727331, 13.668067756071846], [100.34111762926588, 13.667256217972522], [100.341215787152, 13.666417855393846], [100.34131831343532, 13.665535013399486], [100.3414163858875, 13.664616434507074], [100.3414163858875, 13.663635430815459], [100.34151454409948, 13.662605324569085], [100.34151454409948, 13.661535211422608], [100.34151454409948, 13.660465019890417], [100.34151454409948, 13.659403732078822], [100.34151454409948, 13.658387014285166], [100.34151454409948, 13.657423847429193], [100.34151454409947, 13.656567772938924], [100.3416126167655, 13.655814159795035], [100.3416126167655, 13.655207755352622], [100.3416126167655, 13.654717244773465], [100.34181330203876, 13.65403495111909], [100.34211651495221, 13.653664908759191], [100.3426114222918, 13.653455314747733], [100.34341408932367, 13.653308177780223], [100.34391799759614, 13.653227872563452], [100.34441291484107, 13.653147594158115], [100.34491682870485, 13.653067374275727], [100.34551436816066, 13.65296474695779], [100.34601374835702, 13.652844428956332], [100.34651313132322, 13.652706147138726], [100.34671828173201, 13.651515575971972]]]}, "id": "00010000000000000fd9", "properties": {"ADM0_CODE": 240, "ADM0_NAME": "Thailand", "ADM1_CODE": 2853, "ADM1_NAME": "Bangkok", "ADM2_CODE": 26418, "ADM2_NAME": "Nongkham", "DISP_AREA": "NO", "EXP2_YEAR": 3000, "STATUS": "Member State", "STR2_YEAR": 1000, "Shape_Area": 0.00389340854482, "Shape_Leng": 0.273182325169, "NAME_2": "Nongkham", "NAME_1": "Bangkok"}}, {"type": "Feature", "geometry": {"type": "Polygon", "coordinates": [[[100.55021831253246, 13.719824551164587], [100.55539528086553, 13.717942800412068], [100.55593934263396, 13.717831288248917], [100.55797713453543, 13.717363098905814], [100.55943078986759, 13.716743325756086], [100.55571637736985, 13.742182514297989], [100.55453467907813, 13.742833526898622], [100.55344219688796, 13.742855816072883], [100.55275554949755, 13.742869201003623], [100.55004884538594, 13.743845747261092], [100.54885829168572, 13.744197984026737], [100.54702553188147, 13.744527926722219], [100.54467559393349, 13.744135594596273], [100.54261998404387, 13.743618346152475], [100.53998019034907, 13.742985130067416], [100.53816975395631, 13.742958370775023], [100.53732253245835, 13.743270521770578], [100.53345648618216, 13.744371870306004], [100.53066065680277, 13.744956018554479], [100.52947902327666, 13.745339546103063], [100.5269462057121, 13.74694038355235], [100.52584040516204, 13.747885686997506], [100.52513139181544, 13.746284852229712], [100.52481031639692, 13.745571361556692], [100.52395420660243, 13.743912567956725], [100.52395420660243, 13.742133443196959], [100.5239853611345, 13.741674116529632], [100.52387387430412, 13.739275143344386], [100.52345479145757, 13.735141584731355], [100.52345925434078, 13.731886380204445], [100.52566643418442, 13.731311195973326], [100.52633537027653, 13.730972322225412], [100.52897065174238, 13.729402716532052], [100.53299727525258, 13.727641366463386], [100.53708622171654, 13.725353837081638], [100.53853542644046, 13.724564582732443], [100.54107714795552, 13.723592528440113], [100.54419847132797, 13.72290133701512], [100.54661535718961, 13.72242869879882], [100.54732436478433, 13.722250296861455], [100.54833204233228, 13.721505613028148], [100.54863525774198, 13.72113551561776], [100.54957615903841, 13.720328390706959], [100.55021831253246, 13.719824551164587]]]}, "id": "00010000000000000fda", "properties": {"ADM0_CODE": 240, "ADM0_NAME": "Thailand", "ADM1_CODE": 2853, "ADM1_NAME": "Bangkok", "ADM2_CODE": 26419, "ADM2_NAME": "Pathumwan", "DISP_AREA": "NO", "EXP2_YEAR": 3000, "STATUS": "Member State", "STR2_YEAR": 1000, "Shape_Area": 0.000669112907508, "Shape_Leng": 0.113232644644, "NAME_2": "Pathumwan", "NAME_1": "Bangkok"}}, {"type": "Feature", "geometry": {"type": "Polygon", "coordinates": [[[100.44478732880977, 13.686301032002136], [100.44151873975252, 13.690840376855963], [100.44122445416919, 13.691371015390143], [100.44078748642404, 13.692004238889913], [100.43920898366737, 13.695290613519239], [100.4391465609592, 13.695785546305434], [100.43912426714526, 13.696507876384779], [100.4395924383866, 13.699749660718751], [100.43977524876404, 13.700271365467131], [100.44002494158089, 13.700891226252251], [100.4415588696786, 13.70292902365653], [100.4420405159213, 13.703049442924547], [100.44275840250548, 13.703232226293906], [100.44365019497565, 13.703343703318968], [100.44418973366626, 13.703365990113044], [100.44707484508055, 13.7022199821558], [100.44755643478365, 13.702242279416438], [100.45029432411798, 13.703009256440282], [100.45071341445824, 13.703227805841008], [100.45129312926231, 13.703544362075325], [100.45429852947552, 13.70374500891483], [100.45490948386049, 13.703370485997866], [100.45699185371478, 13.703196576695628], [100.4580397031523, 13.704454008432279], [100.4583830998781, 13.70494008894874], [100.46040302610612, 13.707294481984235], [100.46102285535115, 13.707379155907041], [100.46163822894788, 13.707365818206434], [100.46231158536308, 13.707058121001209], [100.46436273291518, 13.707312344494483], [100.46520996510175, 13.709020177143488], [100.46599476404062, 13.710661082324087], [100.46923652699515, 13.712596367362385], [100.46984741001161, 13.71261415118099], [100.47049843980375, 13.712600834212525], [100.47267003088841, 13.711963155928677], [100.4737179748215, 13.711254174138194], [100.47452506369176, 13.714121335197916], [100.47545696900156, 13.716703184587878], [100.47789168516617, 13.71912004439327], [100.47659853166647, 13.719672966745614], [100.47319172824577, 13.72118905353387], [100.47007042364623, 13.724078544000173], [100.46949959560479, 13.724519942404571], [100.466124106416, 13.730606629639976], [100.46943723789703, 13.739689870065323], [100.46801923341901, 13.740635192006083], [100.46761344391483, 13.740875977673024], [100.46516536470925, 13.741286161160508], [100.46417103893428, 13.74133970304214], [100.45968071208306, 13.739582843674336], [100.45898507643362, 13.737362236352439], [100.45883344554868, 13.73621175056924], [100.45306342618578, 13.734517255101114], [100.45217154143795, 13.73423637508979], [100.45152501621793, 13.733986661997074], [100.44553199153347, 13.732920946523759], [100.44488542774205, 13.732929853601997], [100.44399799640955, 13.732916460469184], [100.44344954090731, 13.732925380325042], [100.44253545575452, 13.732943209525502], [100.43837957115574, 13.73335341751492], [100.43776864204173, 13.733464948366663], [100.4355614429666, 13.734200663452993], [100.43377776827167, 13.735319926806664], [100.42831987096513, 13.737500384625926], [100.42774013118833, 13.737643117777653], [100.42675916024636, 13.737892825707751], [100.42265234901814, 13.739221662054883], [100.42191207454803, 13.739466902940226], [100.42123430219979, 13.739645281329388], [100.41960230271229, 13.740238324140197], [100.41802373955811, 13.741286160660056], [100.41588782806971, 13.742151226193041], [100.41373413682813, 13.742195894632252], [100.41319460763926, 13.742204815474219], [100.41257476165619, 13.742120037571722], [100.4117899095129, 13.742035361775658], [100.4031125003355, 13.745031816969238], [100.40181938167595, 13.74529050677451], [100.40039248990794, 13.745580335486295], [100.39899236136431, 13.745803238073417], [100.39159464947178, 13.745914747977572], [100.39108190487448, 13.745923624240827], [100.3899983204725, 13.74611091993657], [100.38792485740721, 13.746481011672795], [100.38690369753532, 13.746663910363607], [100.37250525207416, 13.748585727110465], [100.37131470309868, 13.74864370940828], [100.37059678266593, 13.74865711245902], [100.36974512172131, 13.748674941459509], [100.3687507277742, 13.748625848303808], [100.3630608905897, 13.748603552819056], [100.35956496862038, 13.747881212118141], [100.35781697279582, 13.747622594804689], [100.3650273741225, 13.73208705776032], [100.3697138486102, 13.72198717004054], [100.37770015352599, 13.722656053902803], [100.3816821310689, 13.70882838675967], [100.38194965907076, 13.708395873444958], [100.38388047721804, 13.70552419255618], [100.38714450375025, 13.701417349512047], [100.38751908294866, 13.70114537521632], [100.38999386412561, 13.698269253435509], [100.39077869875669, 13.69831830549624], [100.39131818010335, 13.698309413162967], [100.39203609378926, 13.698291508288538], [100.39907704041367, 13.695526949821282], [100.39923757085324, 13.695027488269165], [100.39929996610358, 13.694568191620517], [100.39925985486627, 13.694073278991423], [100.39907704041367, 13.693355364685647], [100.39881846101432, 13.692369850150271], [100.40015619098486, 13.6869163427723], [100.40052182461775, 13.686577451766786], [100.4016410189752, 13.686162809806325], [100.40448595022401, 13.68317961569899], [100.40460191958118, 13.682323496785122], [100.40461529078047, 13.677253547247187], [100.4054179092042, 13.676285922406704], [100.40999735876362, 13.671523609232812], [100.41513869363492, 13.672830057571469], [100.41578530284045, 13.67287914414641], [100.41647203549712, 13.673097616338463], [100.42034693044883, 13.676268071212277], [100.42086867072456, 13.676718384779393], [100.4213547508748, 13.677066262864475], [100.42424865337212, 13.67845303155453], [100.42506473409739, 13.678403971816367], [100.42670566239808, 13.678600119161112], [100.42735218257704, 13.678684920596258], [100.43149470204689, 13.679616793693816], [100.43201642066198, 13.679639106526768], [100.43283248546847, 13.679848736425974], [100.43623923652808, 13.681485162649679], [100.43931599412397, 13.6837548843904], [100.43983321310682, 13.683942172661084], [100.44048428554946, 13.684254328445304], [100.44271827204997, 13.685257629887113], [100.44427454065875, 13.686046860763579], [100.44478732880977, 13.686301032002136]]]}, "id": "00010000000000000fdb", "properties": {"ADM0_CODE": 240, "ADM0_NAME": "Thailand", "ADM1_CODE": 2853, "ADM1_NAME": "Bangkok", "ADM2_CODE": 26420, "ADM2_NAME": "Phasi Charoen", "DISP_AREA": "NO", "EXP2_YEAR": 3000, "STATUS": "Member State", "STR2_YEAR": 1000, "Shape_Area": 0.0047971157335, "Shape_Leng": 0.351366051353, "NAME_2": "Phasi Charoen", "NAME_1": "Bangkok"}}, {"type": "Feature", "geometry": {"type": "Polygon", "coordinates": [[[100.54368572610103, 13.790528040714882], [100.54021650853839, 13.78368777078732], [100.53997126297571, 13.783264204396751], [100.53955210660507, 13.782483797090018], [100.53929793550869, 13.781864058211152], [100.53900814183088, 13.781114903447866], [100.5387182632286, 13.780000124265646], [100.53658235740019, 13.77372612066643], [100.53636828028067, 13.773235628923494], [100.53568158879942, 13.77081440693376], [100.53499043901039, 13.768558023048804], [100.54097010409397, 13.765610634048864], [100.54174602469348, 13.76516910790675], [100.54448836722528, 13.763795733851435], [100.54521959226948, 13.762993084422702], [100.54908570445114, 13.761633038411928], [100.5499953611386, 13.761218383802596], [100.54836329098626, 13.755885339695716], [100.54942454965675, 13.755800618097346], [100.55104771020032, 13.755439384537425], [100.55162737441364, 13.75526102306911], [100.55263509912729, 13.754288928887378], [100.55303199356683, 13.753655721876456], [100.55325941665554, 13.753223177751822], [100.55475764147789, 13.751051663453772], [100.55515892364683, 13.750748408896468], [100.55556475786477, 13.750512117348029], [100.55654127427633, 13.750030523424364], [100.55918111428076, 13.748795318570464], [100.55979199642886, 13.748648147712052], [100.56056781830912, 13.748438582281434], [100.567002343402, 13.74903162286446], [100.56831334501874, 13.751800768767126], [100.56856751044691, 13.752683703460164], [100.56718515093063, 13.753602263394914], [100.56420205905852, 13.752541013648395], [100.56312740719095, 13.753486339257034], [100.56300256429896, 13.754476244944557], [100.56282860880465, 13.755925395473028], [100.56228459216413, 13.75790973327343], [100.56024232606211, 13.75979596715975], [100.5579236456774, 13.761485927131384], [100.55431171721887, 13.764094531107068], [100.55444547709884, 13.767019656740036], [100.55758021875829, 13.77073855239901], [100.56229352170425, 13.776303552471733], [100.56636024449324, 13.784084645584198], [100.56648955691158, 13.789279528633118], [100.56032706898684, 13.789930556750079], [100.55501623389452, 13.7904968123966], [100.55426715925326, 13.790545874548014], [100.55041447930037, 13.790657406528059], [100.54781927404142, 13.790773304647928], [100.54678473215965, 13.790135627364874], [100.54629429246698, 13.789457832716108], [100.54368572610103, 13.790528040714882]]]}, "id": "00010000000000000fdc", "properties": {"ADM0_CODE": 240, "ADM0_NAME": "Thailand", "ADM1_CODE": 2853, "ADM1_NAME": "Bangkok", "ADM2_CODE": 26421, "ADM2_NAME": "Phayathai", "DISP_AREA": "NO", "EXP2_YEAR": 3000, "STATUS": "Member State", "STR2_YEAR": 1000, "Shape_Area": 0.000768179967615, "Shape_Leng": 0.14511203233, "NAME_2": "Phayathai", "NAME_1": "Bangkok"}}, {"type": "Feature", "geometry": {"type": "Polygon", "coordinates": [[[100.59406910265533, 13.688650992159074], [100.59441240786947, 13.687834977532196], [100.59461304918591, 13.687415788767849], [100.59481824317484, 13.686604240527595], [100.59491633104427, 13.685855094998116], [100.59501441901787, 13.685163919541559], [100.59501441901787, 13.684593157322103], [100.59491633104427, 13.684013540078073], [100.59481824317484, 13.683514116868286], [100.5947200695184, 13.6828318275532], [100.59461304918591, 13.68228337010968], [100.59431432053522, 13.68155653750946], [100.59411814617923, 13.68109724950829], [100.59381933323897, 13.680584497524721], [100.59351167459063, 13.680013727362342], [100.59311486344214, 13.679384991321589], [100.59261541633587, 13.678693813149092], [100.59211597193101, 13.67797587699041], [100.59161214992538, 13.677204438461892], [100.59101909327956, 13.676424109126662], [100.59051519137218, 13.67560360523524], [100.59001129221514, 13.674787635533512], [100.58941824585294, 13.673953793198512], [100.58901243428147, 13.673137799003673], [100.58851747540841, 13.672335135331725], [100.58811175368216, 13.671563680304235], [100.58771487985797, 13.670836821316787], [100.58741608764184, 13.670167984895784], [100.58721099598782, 13.669565987774543], [100.58701475084106, 13.66905765539694], [100.58681412603707, 13.668625164390232], [100.58681412603707, 13.668005306554756], [100.58711291630432, 13.667447932323928], [100.58761679963898, 13.66716701973041], [100.58841492830071, 13.66686824985996], [100.58891435268366, 13.666694380845206], [100.58941824585294, 13.666507072109766], [100.59001129221514, 13.6663064365054], [100.59061327467087, 13.666087898736368], [100.59131781127034, 13.665847091586913], [100.59211597193101, 13.665584049319238], [100.59291860574457, 13.66530756661835], [100.59381933323895, 13.66501772022912], [100.5947200695184, 13.664714537675902], [100.59561196770618, 13.664406852780461], [100.59631199013194, 13.664085792749184], [100.59701657020743, 13.663778132454738], [100.59761851243407, 13.663474879817247], [100.59801534293051, 13.663185055285055], [100.59901421234578, 13.662846192384004], [100.59971426055067, 13.662476065235872], [100.60061505430703, 13.661994479331884], [100.60151577094608, 13.661477253470188], [100.6025145922989, 13.660915377396611], [100.60351342444476, 13.660366922653333], [100.60441416932701, 13.659854143078302], [100.60521682407773, 13.65940370569231], [100.60591691925951, 13.659024691066877], [100.60661255282636, 13.65870809057515], [100.6072144716458, 13.658436126740275], [100.6078164802863, 13.658204245664185], [100.60831592364787, 13.65801694568352], [100.60881975082413, 13.657847495935236], [100.60931473255711, 13.657709275057048], [100.610215448042, 13.657446166348103], [100.61071937147048, 13.65732577269704], [100.611214363368, 13.657218746715296], [100.61211509734805, 13.656995806422783], [100.61301584009668, 13.65677730801035], [100.61351969286878, 13.656656913748094], [100.61431787343794, 13.6564071805141], [100.61520970296571, 13.656135206695522], [100.61611038992346, 13.655854310551401], [100.6167123705358, 13.65571601170133], [100.61721624343144, 13.655586723748549], [100.61781376377856, 13.65543510812301], [100.61841575546728, 13.655288004917947], [100.6191158646105, 13.655118555446965], [100.61981151149458, 13.654935702783613], [100.6206141279902, 13.654726114035087], [100.62141228381199, 13.654494233632223], [100.6223130311084, 13.654235630602892], [100.6232137871644, 13.653936854470677], [100.62421258500055, 13.653615820813847], [100.62521147952448, 13.653268029863078], [100.62621476675865, 13.652897915448051], [100.62731171916768, 13.652505469875258], [100.62831941118148, 13.652117561506167], [100.62941638850198, 13.65171622387505], [100.63041525319386, 13.651314925593544], [100.63141851083556, 13.650918055412609], [100.63241731117326, 13.650534620552138], [100.63341620819725, 13.65015553709283], [100.63431690031331, 13.649794360988096], [100.63521768710572, 13.64944659853368], [100.63601588277041, 13.64911658443749], [100.63681846774605, 13.64880441718266], [100.6376211455966, 13.648514638131449], [100.6383122910767, 13.648247088286261], [100.63891424405782, 13.648006295183299], [100.63961880469174, 13.647796718537567], [100.64011377913774, 13.64762727481215], [100.64071574380573, 13.647497919725064], [100.64121072410269, 13.647417696150908], [100.64171455832103, 13.647377518761155], [100.64221401257727, 13.647395383503266], [100.64271338358546, 13.647475635837894], [100.64361416596138, 13.647756589465263], [100.64411354450205, 13.6479482772762], [100.64500987169737, 13.648327350677322], [100.64551372653666, 13.648514572630726], [100.64601758411024, 13.648675131347884], [100.64690946082844, 13.648898076471037], [100.64741332597556, 13.648987271758278], [100.64791719385654, 13.64905860403403], [100.64881794077729, 13.649214678073232], [100.6493128783302, 13.649317235928743], [100.65001743194328, 13.649607056897182], [100.65061052275136, 13.650008416553929], [100.65111432203305, 13.650485508277628], [100.65161820999076, 13.65099831908363], [100.65211316246348, 13.651488860986634], [100.6527196740634, 13.651908021740846], [100.65331269617658, 13.652175545303134], [100.65391466046468, 13.652104178222768], [100.65511421743275, 13.652888959869696], [100.65601494818242, 13.653544434624395], [100.65661692997327, 13.654084021279344], [100.65721882971347, 13.654886661093247], [100.65751758933541, 13.655577790086909], [100.65761574359796, 13.656095039605866], [100.65771381201453, 13.656705962422615], [100.65771381201453, 13.657196434426558], [100.65781196648426, 13.657776164414154], [100.65781196648426, 13.658355865512458], [100.65781196648426, 13.659033595410683], [100.65801257322721, 13.659626684037994], [100.65811072801236, 13.660166254388942], [100.65811072801236, 13.660714684078593], [100.65811072801236, 13.661365762184081], [100.65811072801236, 13.662007868512093], [100.65821773575522, 13.662556302079437], [100.65831580480683, 13.663247505774589], [100.65841834337371, 13.663876216311973], [100.65841834337371, 13.664375602611875], [100.65851649858728, 13.665245183668974], [100.65531034909112, 13.665307608655585], [100.65324583059537, 13.666074542980427], [100.6508557184781, 13.666226197517462], [100.64999508690643, 13.667430090650543], [100.64892493781959, 13.668665264393193], [100.6467890595495, 13.671474543992282], [100.64649918616142, 13.672170105703227], [100.64509460643218, 13.675781998199714], [100.64490726199018, 13.676441960594408], [100.64488053535976, 13.677200006264275], [100.64500987169737, 13.682452780660288], [100.64498752786537, 13.68301021925285], [100.64492960580284, 13.683768256757245], [100.64312811019916, 13.689886104611507], [100.64286944294747, 13.690416747713313], [100.6425038725858, 13.69101877699917], [100.64018957233287, 13.695370852421094], [100.63447741381256, 13.694479019889078], [100.633581188354, 13.694269396497369], [100.63310850380373, 13.694215894159349], [100.63238611998138, 13.69406430537744], [100.62910422938255, 13.695482349520175], [100.62887679123665, 13.696115489139396], [100.6285111900977, 13.696583751161745], [100.62300861609057, 13.700052931449845], [100.62215253867484, 13.699941426015648], [100.62133650596697, 13.69995929285407], [100.62034658838539, 13.700079675203185], [100.61582061244025, 13.70096697203565], [100.6154192381897, 13.70120334687136], [100.61195453668593, 13.702001497844774], [100.60976513215586, 13.701720605919993], [100.60533725725175, 13.69882661726439], [100.60445428471903, 13.69874636097369], [100.6036293886284, 13.698603711544962], [100.60101189767236, 13.697016214283643], [100.59899196550205, 13.694924914275274], [100.59867982309338, 13.694371995708995], [100.59828737036156, 13.69195072205069], [100.59810458707996, 13.69129522592125], [100.59724393005956, 13.69052829382238], [100.5953444145239, 13.689484828632102], [100.59479591145029, 13.689070135173132], [100.59406910265533, 13.688650992159074]]]}, "id": "00010000000000000fdd", "properties": {"ADM0_CODE": 240, "ADM0_NAME": "Thailand", "ADM1_CODE": 2853, "ADM1_NAME": "Bangkok", "ADM2_CODE": 26422, "ADM2_NAME": "Phra Khanong", "DISP_AREA": "NO", "EXP2_YEAR": 3000, "STATUS": "Member State", "STR2_YEAR": 1000, "Shape_Area": 0.00240273788042, "Shape_Leng": 0.204421805759, "NAME_2": "Phra Khanong", "NAME_1": "Bangkok"}}, {"type": "Feature", "geometry": {"type": "Polygon", "coordinates": [[[100.49403358338346, 13.745451024920904], [100.49394444024323, 13.742231508613365], [100.49396674746939, 13.741700915807389], [100.49447063484001, 13.739359879930818], [100.4945597784934, 13.73886490921494], [100.49494329452881, 13.737473698331351], [100.49546048603902, 13.736180499527418], [100.49579492895492, 13.73584165450721], [100.49866657241441, 13.733977739726589], [100.4991749473869, 13.733933160380914], [100.5015472296801, 13.733326669884528], [100.5019930691143, 13.7331884694133], [100.50270207498373, 13.732845130777322], [100.50367862951984, 13.732198521954565], [100.50531067697138, 13.731739227086758], [100.50666627668325, 13.731645586616347], [100.50820021028063, 13.731355749772973], [100.51038960263472, 13.739493603806999], [100.51136169108773, 13.741968429878039], [100.51279306892908, 13.745326126071639], [100.51323896314327, 13.747355074102641], [100.5133593618185, 13.74814428406556], [100.51344406148031, 13.748897869065006], [100.51387210919631, 13.749941344593038], [100.51391673337166, 13.75082871866544], [100.51398358385964, 13.751395017698325], [100.51405498263755, 13.752304631074473], [100.51429578229163, 13.75450296465678], [100.51426008280188, 13.75601463501847], [100.51404605778727, 13.757499511167257], [100.51371163397616, 13.759778072750683], [100.51262804742906, 13.761971991911913], [100.51065270394636, 13.763884901517079], [100.50928374443006, 13.765722117934528], [100.50888686756022, 13.76622592766704], [100.50757585604543, 13.76714004936576], [100.50583685115582, 13.767140092306096], [100.50482912555835, 13.76650690847118], [100.50277792683865, 13.76437986862029], [100.50242561094989, 13.76385817890493], [100.50207338222258, 13.76343899180423], [100.50102991794063, 13.762078970170691], [100.50032984854337, 13.761040023785496], [100.49846596885685, 13.756705740763955], [100.49649951100514, 13.753468442171453], [100.49434571375497, 13.749495449240252], [100.49419410989275, 13.746931420928652], [100.49403358338346, 13.745451024920904]]]}, "id": "00010000000000000fde", "properties": {"ADM0_CODE": 240, "ADM0_NAME": "Thailand", "ADM1_CODE": 2853, "ADM1_NAME": "Bangkok", "ADM2_CODE": 26423, "ADM2_NAME": "Phra Nakhon", "DISP_AREA": "NO", "EXP2_YEAR": 3000, "STATUS": "Member State", "STR2_YEAR": 1000, "Shape_Area": 0.000510977898742, "Shape_Leng": 0.0896223189197, "NAME_2": "Phra Nakhon", "NAME_1": "Bangkok"}}, {"type": "Feature", "geometry": {"type": "Polygon", "coordinates": [[[100.52345925434078, 13.731886380204445], [100.52345479145757, 13.735141584731355], [100.52387387430412, 13.739275143344386], [100.5239853611345, 13.741674116529632], [100.52395420660243, 13.742133443196959], [100.52395420660243, 13.743912567956725], [100.52481031639692, 13.745571361556692], [100.52513139181544, 13.746284852229712], [100.52584040516204, 13.747885686997506], [100.52300438466871, 13.751131890275852], [100.52143029554881, 13.752679203291565], [100.52085957583947, 13.753151855652376], [100.52018621697466, 13.75369145415741], [100.51915172906574, 13.754797306540121], [100.51483084722456, 13.759492721036883], [100.51344406148033, 13.76169108579769], [100.51262804742906, 13.761971991911913], [100.51371163397616, 13.759778072750683], [100.51404605778727, 13.757499511167257], [100.51426008280188, 13.75601463501847], [100.51429578229163, 13.75450296465678], [100.51405498263755, 13.752304631074473], [100.51398358385964, 13.751395017698325], [100.51391673337166, 13.75082871866544], [100.51387210919631, 13.749941344593038], [100.51344406148031, 13.748897869065006], [100.5133593618185, 13.74814428406556], [100.51323896314327, 13.747355074102641], [100.51279306892908, 13.745326126071639], [100.51136169108773, 13.741968429878039], [100.51191905048309, 13.740644085165886], [100.51332812508358, 13.739333094594171], [100.51545516511081, 13.738463580878035], [100.51801907517573, 13.736831557429756], [100.51943262047153, 13.735587480384183], [100.52345925434078, 13.731886380204445]]]}, "id": "00010000000000000fdf", "properties": {"ADM0_CODE": 240, "ADM0_NAME": "Thailand", "ADM1_CODE": 2853, "ADM1_NAME": "Bangkok", "ADM2_CODE": 26424, "ADM2_NAME": "Pomprapsattuphai", "DISP_AREA": "NO", "EXP2_YEAR": 3000, "STATUS": "Member State", "STR2_YEAR": 1000, "Shape_Area": 0.000211726426926, "Shape_Leng": 0.0727407892483, "NAME_2": "Pomprapsattuphai", "NAME_1": "Bangkok"}}, {"type": "Feature", "geometry": {"type": "Polygon", "coordinates": [[[100.6053639724778, 13.740126846524081], [100.60556017070881, 13.737825979260014], [100.60572965401674, 13.73739339037989], [100.60669725245477, 13.73454845983008], [100.60703167071097, 13.734080334204869], [100.60951093916975, 13.731462822453123], [100.60987217003321, 13.730566479374472], [100.60996133972382, 13.730107219436912], [100.61008616025401, 13.729246644917884], [100.61019319850283, 13.725532224227992], [100.61017533015091, 13.724876720874125], [100.61192335238417, 13.72142088889963], [100.61238708035741, 13.720720815403267], [100.61260107639517, 13.719173538974612], [100.61241826481545, 13.718486830511091], [100.61227557238132, 13.717929430795314], [100.61174939056315, 13.717220407594848], [100.61062573393978, 13.713858307794363], [100.61243613360055, 13.711945296814104], [100.61286867952334, 13.711477133601017], [100.61267246578961, 13.70993869206643], [100.61211956452937, 13.709688978692101], [100.61150412642795, 13.709470556045874], [100.60858789548774, 13.708480620416308], [100.60785659715431, 13.707874181599717], [100.60710305580747, 13.705426115497561], [100.60722340553535, 13.704801798681613], [100.608057267659, 13.703762893703344], [100.60976513215586, 13.701720605919993], [100.61195453668593, 13.702001497844774], [100.6154192381897, 13.70120334687136], [100.61582061244025, 13.70096697203565], [100.62034658838539, 13.700079675203185], [100.62133650596697, 13.69995929285407], [100.62215253867484, 13.699941426015648], [100.62300861609057, 13.700052931449845], [100.6285111900977, 13.696583751161745], [100.62887679123665, 13.696115489139396], [100.62910422938255, 13.695482349520175], [100.63238611998138, 13.69406430537744], [100.63310850380373, 13.694215894159349], [100.633581188354, 13.694269396497369], [100.63447741381256, 13.694479019889078], [100.64018957233287, 13.695370852421094], [100.6425038725858, 13.69101877699917], [100.64286944294747, 13.690416747713313], [100.64312811019916, 13.689886104611507], [100.64492960580284, 13.683768256757245], [100.64498752786537, 13.68301021925285], [100.64500987169737, 13.682452780660288], [100.64488053535976, 13.677200006264275], [100.64490726199018, 13.676441960594408], [100.64509460643218, 13.675781998199714], [100.64649918616142, 13.672170105703227], [100.6467890595495, 13.671474543992282], [100.64892493781959, 13.668665264393193], [100.64999508690643, 13.667430090650543], [100.6508557184781, 13.666226197517462], [100.65324583059537, 13.666074542980427], [100.65531034909112, 13.665307608655585], [100.65851649858728, 13.665245183668974], [100.65851649858728, 13.665806966500325], [100.65861456795403, 13.666444682516316], [100.65881526237936, 13.667117963933352], [100.65881526237936, 13.667835909452153], [100.65881526237936, 13.668344198807047], [100.66021540813216, 13.669334166984783], [100.66141487449802, 13.67006545382126], [100.66231558033608, 13.670578204298007], [100.66301567692776, 13.670894843251988], [100.66351515974266, 13.671073234568848], [100.66421517940732, 13.671135594546818], [100.66491529029574, 13.67105538568238], [100.66561979025373, 13.671095500886187], [100.66631097212908, 13.67146558198093], [100.66671677848011, 13.67178665820923], [100.66711364694096, 13.67212554873141], [100.66761753565162, 13.67253579599354], [100.66821503670145, 13.672633860375464], [100.66891509172541, 13.672397569714544], [100.66941899018961, 13.67223703849595], [100.66991395145286, 13.67203637322204], [100.67051593723791, 13.671795610440435], [100.67111345689393, 13.671514607695936], [100.67171545043576, 13.6711847003229], [100.67221927809567, 13.67081460068112], [100.67261617001819, 13.670395452453343], [100.67291042301648, 13.669927244782816], [100.67312000255217, 13.669427761227391], [100.67312000255217, 13.668946237692593], [100.67312000255217, 13.668183698376868], [100.67291042301646, 13.667644152859161], [100.67281233858039, 13.667077826204538], [100.67291042301648, 13.666306435280774], [100.67321808731235, 13.665655377784272], [100.67371306877386, 13.665254052061773], [100.67441763532271, 13.665066811079253], [100.67521582385224, 13.66496422062276], [100.67601840351323, 13.664776917732981], [100.67671404692044, 13.664576291520497], [100.67761034451549, 13.664357830909752], [100.67841294480792, 13.664264190509556], [100.679117546908, 13.664125908161445], [100.67971950621707, 13.663947542725797], [100.68051318373209, 13.663885127980492], [100.68111515205709, 13.663755815434584], [100.68181530405485, 13.663555159244774], [100.68261794056654, 13.66348381191285], [100.68341611337776, 13.663305483625027], [100.68431686011947, 13.663024514851896], [100.68481628525242, 13.66291749864445], [100.68561439091114, 13.66280599798743], [100.6862163921804, 13.66273470431275], [100.68681392656116, 13.66254737101537], [100.68741593557489, 13.66243590773727], [100.68801786249746, 13.662386831893455], [100.68861540842157, 13.662204026166004], [100.6892173430858, 13.662088119239685], [100.68991746995106, 13.662007862281397], [100.69081819351472, 13.661824987207497], [100.69131318247503, 13.661686787407119], [100.69211581476267, 13.661454923970267], [100.6928158773994, 13.66131672310997], [100.69351147419239, 13.661187340003067], [100.69431412539046, 13.661026828921944], [100.69511231231927, 13.660826169544798], [100.69561618046869, 13.6606969023021], [100.6961155801173, 13.66055414922602], [100.6966150684234, 13.660384731031614], [100.69721258342344, 13.66021524508827], [100.69771646291063, 13.660036922949006], [100.69821140247451, 13.659876413187419], [100.69871528735281, 13.659733724439313], [100.69921917495063, 13.659608808618726], [100.70011990230373, 13.659475049683284], [100.7010116954342, 13.65948395050258], [100.70171173880065, 13.659617736541222], [100.70231822945294, 13.65983625516522], [100.70292016650538, 13.660126063379137], [100.70341513365089, 13.660447170024856], [100.703919046608, 13.660803870246411], [100.70421778400288, 13.661174000882292], [100.70451213672274, 13.661557477808762], [100.70481973329626, 13.662007815684282], [100.70501596960422, 13.662636541086796], [100.7052165919876, 13.663055713406122], [100.70541282912914, 13.663577450649823], [100.705720514662, 13.664197249919614], [100.70601478612241, 13.664946407351353], [100.70631353021874, 13.665784679663602], [100.70671933871203, 13.666694371486864], [100.70711620547203, 13.66765751686459], [100.70762005239584, 13.668638501389058], [100.70801692298117, 13.669615073301854], [100.7084137952519, 13.670555926190477], [100.70881514103682, 13.671447795482413], [100.70911389408565, 13.672254901529586], [100.70941264808943, 13.672995093399122], [100.70971587492006, 13.67366390634433], [100.70991650739386, 13.674283765914746], [100.7101127544051, 13.674863388319068], [100.71042036941435, 13.675407415584132], [100.71061661748342, 13.6759157656929], [100.71081725189056, 13.6764152130914], [100.71101350079283, 13.676914590890858], [100.71121413605178, 13.677405152975844], [100.71141924369473, 13.67790449676305], [100.71161540786146, 13.67841730076157], [100.71181613041166, 13.678934613288606], [100.71201229541116, 13.67947417065582], [100.71221293281363, 13.680044904183426], [100.71232000267095, 13.680633474646962], [100.71251616872765, 13.681262265292258], [100.71261429491045, 13.681926690165364], [100.71271680721141, 13.682604433715337], [100.71281493360478, 13.683286640877519], [100.71281493360478, 13.6839733796078], [100.71291306010112, 13.684664568720796], [100.71301110069987, 13.685333369964203], [100.71311369943656, 13.685984460877], [100.71322068432463, 13.686604254750822], [100.71341693827193, 13.687206225812085], [100.71351497939901, 13.687763584804122], [100.71371570602726, 13.688294257926005], [100.71381374746758, 13.6888025599071], [100.71401000265962, 13.6892752196913], [100.71421958852325, 13.69014475723765], [100.71441575856517, 13.69089392861942], [100.7146164011249, 13.69158504550587], [100.71481265800142, 13.692285157550883], [100.71501330141271, 13.693034230973403], [100.71521841738956, 13.693885943977557], [100.71541458952666, 13.69433186679111], [100.71551719090034, 13.694804521193127], [100.71571336366412, 13.695254890488561], [100.7158114932019, 13.695714147393135], [100.71611912695998, 13.69656585543034], [100.71631530098627, 13.697314967875801], [100.71651603362496, 13.698015082706759], [100.7167122084837, 13.698701803812288], [100.71691732818634, 13.699455416544438], [100.71711797611265, 13.700302563635207], [100.7173141522338, 13.700752945774074], [100.71751480101128, 13.70164480706864], [100.71781358185726, 13.702483071896493], [100.71792057212166, 13.703192084657752], [100.71792057212166, 13.703753944909133], [100.71792057212166, 13.704422829317771], [100.71781358185726, 13.705180828495395], [100.71771106396952, 13.705854186998065], [100.71761293243893, 13.706416064146211], [100.71741675569119, 13.707142839165694], [100.7173141522338, 13.707744833715418], [100.71721610712402, 13.708235336996776], [100.71701984520422, 13.708774919424892], [100.71681033906938, 13.709492790360189], [100.7167122084837, 13.710023483402063], [100.71661407800096, 13.710674453719408], [100.71641343115556, 13.71143247812686], [100.71631530098628, 13.71228417838816], [100.71631530098627, 13.71318494807593], [100.71631530098628, 13.714121371648654], [100.71651603362496, 13.715062212917104], [100.71681033906938, 13.715994186793942], [100.71720716266296, 13.716859289457796], [100.71433999095525, 13.71726057725057], [100.71367554346689, 13.719940475043538], [100.71344815661966, 13.72040424424638], [100.71353733967047, 13.725429668067807], [100.71354619777948, 13.725951321780695], [100.71388065650957, 13.727324783414154], [100.71437120961114, 13.73178386620322], [100.7143845398944, 13.73253748456872], [100.7143934840855, 13.733099260277074], [100.71433999095525, 13.733754770088867], [100.71433104676926, 13.738847043672381], [100.71430877230979, 13.739770069866765], [100.71423291878489, 13.741049901091674], [100.71414820715461, 13.741843595791646], [100.71402780496953, 13.742632838651993], [100.71386732629814, 13.743457748876677], [100.71224415075936, 13.7477965160312], [100.7118473482249, 13.748367273460632], [100.711312260868, 13.749098559974314], [100.7118473482249, 13.752242219675738], [100.7124091846457, 13.753151861910647], [100.71520947311956, 13.755323440794681], [100.70942606366295, 13.757914161881525], [100.70881066920798, 13.757927531351143], [100.70825771202344, 13.757807213878968], [100.70761119484837, 13.757758117057795], [100.70198828360321, 13.754627852555522], [100.70153786683474, 13.753981305734998], [100.70121678068229, 13.753593294749558], [100.6968558280727, 13.74994574048289], [100.69640543606309, 13.749593532144536], [100.69592383372407, 13.74930816078865], [100.69192407658791, 13.747591374464532], [100.69127750053578, 13.747377350833455], [100.6905907763303, 13.747359499395564], [100.68800453597733, 13.747515605906584], [100.68564559996453, 13.747502232493698], [100.68471371760707, 13.747029548675927], [100.68389318050683, 13.744978382005018], [100.68131142448952, 13.741977384904857], [100.68090117001196, 13.741692011900655], [100.6743240194749, 13.74048798558169], [100.67387365033427, 13.740171385289878], [100.67349454763058, 13.739881589664071], [100.670136848206, 13.737326496900998], [100.66971770303722, 13.736813763361187], [100.66925841631257, 13.736265285437037], [100.66670336904902, 13.734414761924322], [100.66586949533823, 13.73371019128558], [100.66535229281374, 13.73336239057083], [100.66417503815696, 13.732631054184127], [100.65749979781205, 13.733268781488675], [100.65699149456849, 13.733246463536888], [100.65633596454317, 13.733130532612655], [100.65565370941067, 13.733112708266452], [100.6549090617545, 13.73319741534077], [100.65296040620692, 13.735239625325557], [100.65262599410472, 13.735712299880161], [100.65219790367907, 13.736345541999253], [100.65186349432122, 13.73687611393567], [100.65146660500311, 13.737380016707482], [100.65106086520727, 13.737946296928763], [100.64709672337048, 13.741219275983486], [100.64648577964654, 13.741366450384712], [100.64594178615624, 13.741442274027612], [100.64539332706752, 13.741553777647749], [100.64451487114087, 13.741736528894737], [100.643828148177, 13.741950636080905], [100.63936014722084, 13.74359152610866], [100.63883845190439, 13.743471142206577], [100.63777719639509, 13.743266022718625], [100.63104843157736, 13.740947286606302], [100.63057129186741, 13.740791206272887], [100.62970620852093, 13.740514766267957], [100.6249483944412, 13.739538196579588], [100.62405208927585, 13.73922611179913], [100.6235348619051, 13.739007573032726], [100.62295517545834, 13.738793566633282], [100.61975798679265, 13.737710010973895], [100.61928528683569, 13.737656514574082], [100.61648496281425, 13.737879462525697], [100.61580721036098, 13.738222763426919], [100.61394330931714, 13.738757909456952], [100.61238261316318, 13.739382137796905], [100.6053639724778, 13.740126846524081]]]}, "id": "00010000000000000fe0", "properties": {"ADM0_CODE": 240, "ADM0_NAME": "Thailand", "ADM1_CODE": 2853, "ADM1_NAME": "Bangkok", "ADM2_CODE": 26425, "ADM2_NAME": "Prawet", "DISP_AREA": "NO", "EXP2_YEAR": 3000, "STATUS": "Member State", "STR2_YEAR": 1000, "Shape_Area": 0.00691197784524, "Shape_Leng": 0.40094588558, "NAME_2": "Prawet", "NAME_1": "Bangkok"}}, {"type": "Feature", "geometry": {"type": "Polygon", "coordinates": [[[100.49633005732495, 13.688619764410843], [100.49449285639706, 13.68894973996918], [100.49370360834429, 13.688833821444007], [100.49148750419823, 13.688909619810861], [100.48982421735487, 13.689172694497127], [100.48721116710963, 13.688325419047137], [100.48544089335181, 13.688824861135648], [100.48431277459596, 13.688619742830966], [100.48429046972684, 13.687371221378305], [100.482649532608, 13.685266550835157], [100.48263614992965, 13.68448170427986], [100.48330056796406, 13.6812132261423], [100.48389361554318, 13.680312466512712], [100.48508418326828, 13.677989233188045], [100.48579322957119, 13.677708337045305], [100.48845531218629, 13.67571508333914], [100.48903046262402, 13.675309369988579], [100.48946302892776, 13.67480545143784], [100.48959231877785, 13.674243641547308], [100.48882979442129, 13.671697500679912], [100.48796921680267, 13.67109104509331], [100.4843083136217, 13.668375455474711], [100.4840541242368, 13.66759510405551], [100.48386238887126, 13.666515957609045], [100.48121811185949, 13.659573164556353], [100.47869872517444, 13.659885316021098], [100.47802095863302, 13.660166279620617], [100.47673226390515, 13.660719179764929], [100.47595191889907, 13.660897529890834], [100.47480152908425, 13.659345791032022], [100.47548819279788, 13.652135438810998], [100.47615264457943, 13.648670701635261], [100.47620608572176, 13.647917049460565], [100.4761214205557, 13.647159058495118], [100.47571559499953, 13.63960976704414], [100.4756709894683, 13.63885622578977], [100.47565323304173, 13.638133800793998], [100.47567545002045, 13.63741142946608], [100.4757691216658, 13.636720289039717], [100.47674564571788, 13.634004706732808], [100.47683931846197, 13.633375991552308], [100.47703549969455, 13.632947844183432], [100.47759290717744, 13.631815249986685], [100.47930967155959, 13.628265834593156], [100.47909564255853, 13.627775335900628], [100.47760628911638, 13.62488585049813], [100.47743240984462, 13.624359670317752], [100.47720937821, 13.623316240281168], [100.4789752032131, 13.618776851553408], [100.47934089667424, 13.618504811840475], [100.48309545143519, 13.616190586373586], [100.48516894253663, 13.614045775075475], [100.485704008681, 13.613474995203736], [100.48620785048625, 13.61270799014164], [100.48641743508315, 13.609515266484147], [100.48624353902873, 13.609060440948063], [100.48612763710629, 13.608440648034057], [100.48275650831893, 13.604298122035091], [100.48391592031535, 13.604137628582928], [100.48471855258924, 13.603950312878675], [100.48531160937749, 13.603767505774501], [100.4859180531744, 13.603611492107794], [100.4868143002342, 13.603308242535608], [100.48751889883741, 13.60298722256187], [100.48831255464334, 13.602630455403578], [100.4888164966295, 13.602438694591731], [100.48932035560281, 13.602251467952883], [100.48991335647615, 13.602059684021576], [100.49051536954615, 13.601881285080639], [100.49121991089943, 13.601698545633457], [100.49191107364746, 13.601537980235006], [100.49271369037434, 13.60139970649372], [100.49361446552588, 13.601279319533905], [100.49451516375706, 13.601167907647168], [100.49551402427886, 13.601078650161373], [100.49651289571426, 13.601007337564452], [100.49760984792775, 13.600958267977001], [100.49881818369275, 13.600927042638977], [100.50001323600272, 13.60090926934467], [100.50171660722307, 13.600940442135801], [100.50311231070884, 13.600989519176025], [100.50421818015671, 13.601060890733851], [100.50510997303634, 13.60115004309314], [100.5057164623728, 13.601239173849496], [100.50621586662652, 13.60133728563755], [100.50691151898354, 13.601511243953732], [100.507513472342, 13.601618248920254], [100.50801734853192, 13.6016717307389], [100.50881109645289, 13.601640516608025], [100.50951560712944, 13.601417566812767], [100.51021566098896, 13.60133734730946], [100.51071062752649, 13.601288302391099], [100.5113126058655, 13.601207969943639], [100.51201713579007, 13.601069790296112], [100.51281538075116, 13.600891389210846], [100.51331473791471, 13.600788831636649], [100.51381864603023, 13.600699672166762], [100.51441171991321, 13.600619362925869], [100.51511181120104, 13.600548017190457], [100.51581628453289, 13.600507936510715], [100.51671702967487, 13.600498994590046], [100.5176177836724, 13.60057037939487], [100.51871473137675, 13.60077100677187], [100.5200123425476, 13.601149996927127], [100.52141690719613, 13.6017698728901], [100.52301777325324, 13.602670576837069], [100.52481924229554, 13.603919098102589], [100.52681694892117, 13.605546725540906], [100.52501544063244, 13.608240003758272], [100.52361082084975, 13.610429419443195], [100.5227145566227, 13.612168497971995], [100.52201895588597, 13.6135284962802], [100.52161318407514, 13.6145674772077], [100.52141690719613, 13.615347835446471], [100.52121625378574, 13.61633777321752], [100.52121625378572, 13.616957574793627], [100.5211181586299, 13.617439166155132], [100.52102006357906, 13.617969730713368], [100.520913043114, 13.618727845364296], [100.520913043114, 13.61924954116846], [100.520913043114, 13.61984704971124], [100.520913043114, 13.620506952619712], [100.52081494828266, 13.621858126077052], [100.52081494828266, 13.622518039434803], [100.52081494828266, 13.623115563261056], [100.52081494828266, 13.623637276934273], [100.52071239080661, 13.624390879900373], [100.52061429619002, 13.624876945501311], [100.5205162016784, 13.625648317963991], [100.52041810727177, 13.626210203228343], [100.5205162016784, 13.62692810176975], [100.52061429619002, 13.627779770022713], [100.52071239080661, 13.628239031640257], [100.520913043114, 13.628729575230732], [100.5211181586299, 13.629237882051846], [100.52131434904655, 13.629746221190194], [100.52161318407514, 13.630276862185429], [100.52191193425472, 13.630798618904045], [100.52221514823056, 13.631329249858899], [100.52241580382746, 13.63183757817077], [100.52261199702134, 13.632336947239171], [100.52281265348684, 13.632827500116164], [100.52291967616962, 13.633286743623893], [100.52301777325324, 13.634138445863776], [100.52301777325324, 13.634918770110385], [100.52291967616962, 13.635627802805699], [100.52301777325324, 13.636296680501585], [100.52311587044184, 13.636965561277165], [100.52331652801014, 13.637745902395588], [100.52341462551838, 13.63821852654394], [100.52351272313159, 13.638749194591796], [100.52361082084975, 13.639369020201572], [100.52361082084975, 13.640069108070291], [100.52371338156847, 13.640836036625734], [100.52371338156847, 13.641647600581507], [100.52371338156847, 13.642468059264854], [100.52371338156847, 13.643275188609143], [100.52371338156847, 13.644046589687976], [100.52361082084975, 13.64473773560205], [100.52361082084975, 13.645339715644903], [100.52361082084975, 13.645825781492116], [100.52351272313159, 13.646606082442831], [100.52341462551838, 13.647435544823825], [100.52341462551838, 13.647975046064854], [100.52341462551838, 13.648666203604158], [100.52331652801014, 13.649544662736869], [100.52331652801014, 13.650646085143201], [100.52321843060686, 13.651925841415547], [100.52321843060686, 13.653317093423002], [100.52321843060686, 13.654766235720365], [100.52321843060686, 13.656215481381084], [100.52311587044184, 13.657615595958], [100.52311587044183, 13.658886448009959], [100.52311587044184, 13.659983417767805], [100.52301777325324, 13.660866315256298], [100.52301777325324, 13.661557455068165], [100.52301777325324, 13.662097015633941], [100.52291967616962, 13.66291751644923], [100.52281265348684, 13.663666664287375], [100.52281265348684, 13.664134843224712], [100.5227145566227, 13.664705619805481], [100.5227145566227, 13.665374465349615], [100.5227145566227, 13.666105727636701], [100.5227145566227, 13.666877179382526], [100.5227145566227, 13.667666418488322], [100.5227145566227, 13.668446770948725], [100.52281265348684, 13.669178050710899], [100.52281265348684, 13.669855897834235], [100.52291967616962, 13.670457876300901], [100.52301777325324, 13.670975070246985], [100.52311587044183, 13.671443274755731], [100.52331652801014, 13.671875810046775], [100.52371338156847, 13.672682928647127], [100.52391850335005, 13.673093133619378], [100.52421726104197, 13.673543541031759], [100.52461411849893, 13.674025155432963], [100.52501544063244, 13.674533429200125], [100.52531420189841, 13.675064125722246], [100.52571999008909, 13.67560367997961], [100.52611685404958, 13.676143179723535], [100.52662074673005, 13.677155398505567], [100.52591619035317, 13.677137616231603], [100.52524734314504, 13.67735159139141], [100.52419494644357, 13.677766315925245], [100.52365098687487, 13.678105201671261], [100.52099774975886, 13.678421818489024], [100.52035571482104, 13.678600119940851], [100.51825095998929, 13.679166440336356], [100.51680181825974, 13.679821953998333], [100.50755363130989, 13.68141828062782], [100.50558268770988, 13.682283363114752], [100.50048146257896, 13.682680233451135], [100.49969662455806, 13.682822909031474], [100.49752061550002, 13.684775983149068], [100.49722185910177, 13.685373563629234], [100.49670457182796, 13.686898553778946], [100.49633005732495, 13.688619764410843]]]}, "id": "00010000000000000fe1", "properties": {"ADM0_CODE": 240, "ADM0_NAME": "Thailand", "ADM1_CODE": 2853, "ADM1_NAME": "Bangkok", "ADM2_CODE": 26426, "ADM2_NAME": "Ratburana", "DISP_AREA": "NO", "EXP2_YEAR": 3000, "STATUS": "Member State", "STR2_YEAR": 1000, "Shape_Area": 0.00348143413246, "Shape_Leng": 0.272165614443, "NAME_2": "Ratburana", "NAME_1": "Bangkok"}}, {"type": "Feature", "geometry": {"type": "Polygon", "coordinates": [[[100.52584040516204, 13.747885686997506], [100.5269462057121, 13.74694038355235], [100.52947902327666, 13.745339546103063], [100.53066065680277, 13.744956018554479], [100.53345648618216, 13.744371870306004], [100.53732253245835, 13.743270521770578], [100.53816975395631, 13.742958370775023], [100.53998019034907, 13.742985130067416], [100.54261998404387, 13.743618346152475], [100.54467559393349, 13.744135594596273], [100.54702553188147, 13.744527926722219], [100.54885829168572, 13.744197984026737], [100.55004884538594, 13.743845747261092], [100.55275554949755, 13.742869201003623], [100.55344219688796, 13.742855816072883], [100.55453467907813, 13.742833526898622], [100.55571637736985, 13.742182514297989], [100.56542380818925, 13.741428885335468], [100.567002343402, 13.74903162286446], [100.56056781830912, 13.748438582281434], [100.55979199642886, 13.748648147712052], [100.55918111428076, 13.748795318570464], [100.55654127427633, 13.750030523424364], [100.55556475786477, 13.750512117348029], [100.55515892364683, 13.750748408896468], [100.55475764147789, 13.751051663453772], [100.55325941665554, 13.753223177751822], [100.55303199356683, 13.753655721876456], [100.55263509912729, 13.754288928887378], [100.55162737441364, 13.75526102306911], [100.55104771020032, 13.755439384537425], [100.54942454965675, 13.755800618097346], [100.54836329098626, 13.755885339695716], [100.5499953611386, 13.761218383802596], [100.54908570445114, 13.761633038411928], [100.54521959226948, 13.762993084422702], [100.54448836722528, 13.763795733851435], [100.54174602469348, 13.76516910790675], [100.54097010409397, 13.765610634048864], [100.53499043901039, 13.768558023048804], [100.52955034829436, 13.756857382325604], [100.5276507700016, 13.75149752444719], [100.52584040516204, 13.747885686997506]]]}, "id": "00010000000000000fe2", "properties": {"ADM0_CODE": 240, "ADM0_NAME": "Thailand", "ADM1_CODE": 2853, "ADM1_NAME": "Bangkok", "ADM2_CODE": 26427, "ADM2_NAME": "Ratthewi", "DISP_AREA": "NO", "EXP2_YEAR": 3000, "STATUS": "Member State", "STR2_YEAR": 1000, "Shape_Area": 0.00056562565556, "Shape_Leng": 0.115606175395, "NAME_2": "Ratthewi", "NAME_1": "Bangkok"}}, {"type": "Feature", "geometry": {"type": "Polygon", "coordinates": [[[100.52345925434078, 13.731886380204445], [100.51943262047153, 13.735587480384183], [100.51801907517573, 13.736831557429756], [100.51545516511081, 13.738463580878035], [100.51332812508358, 13.739333094594171], [100.51191905048309, 13.740644085165886], [100.51136169108773, 13.741968429878039], [100.51038960263472, 13.739493603806999], [100.50820021028063, 13.731355749772973], [100.51026920786394, 13.730820704773867], [100.51145977579772, 13.730298985463072], [100.51203052276925, 13.730125081634526], [100.51464805805077, 13.72967913978932], [100.51566473091387, 13.729197558956571], [100.51814394275779, 13.726682658367608], [100.51870580607255, 13.72416771892243], [100.51872811933471, 13.723378482849824], [100.51870580607255, 13.722294915539454], [100.5187548952565, 13.721077578609385], [100.52082833654742, 13.72266942632319], [100.52121179101171, 13.72311983794759], [100.52166665178926, 13.723833265325347], [100.52198771619882, 13.724618089871202], [100.5221170520058, 13.7259647310487], [100.52279480208118, 13.729563240170584], [100.52345925434078, 13.731886380204445]]]}, "id": "00010000000000000fe3", "properties": {"ADM0_CODE": 240, "ADM0_NAME": "Thailand", "ADM1_CODE": 2853, "ADM1_NAME": "Bangkok", "ADM2_CODE": 26428, "ADM2_NAME": "Samphanthawong", "DISP_AREA": "NO", "EXP2_YEAR": 3000, "STATUS": "Member State", "STR2_YEAR": 1000, "Shape_Area": 0.000136933759433, "Shape_Leng": 0.0564898529435, "NAME_2": "Samphanthawong", "NAME_1": "Bangkok"}}, {"type": "Feature", "geometry": {"type": "Polygon", "coordinates": [[[100.51825542261913, 13.716119074713234], [100.51658770148853, 13.710754714675522], [100.5162666559969, 13.710036825598252], [100.51528121384398, 13.70844490390042], [100.51496017293077, 13.707958883673962], [100.51762224627143, 13.706915494869248], [100.52060537070079, 13.704917788438644], [100.52007919748324, 13.700583515857248], [100.52048496250339, 13.700342701039935], [100.52248266051608, 13.699647155477916], [100.52431535951393, 13.698951506886637], [100.5247479209569, 13.698746341150876], [100.52535883164536, 13.69850556328113], [100.52596966057666, 13.698260341807577], [100.52991598643987, 13.697426442292631], [100.53080777197161, 13.697671755363002], [100.53591351827276, 13.70085997589054], [100.54257980971597, 13.70171169338735], [100.54305254592222, 13.701604693664633], [100.54554065323737, 13.701426272643591], [100.54743133020202, 13.702407304889576], [100.54778364735368, 13.702893366162456], [100.5481046314314, 13.703446249421416], [100.54839453965086, 13.706500724018309], [100.54860855894972, 13.706991240636501], [100.54888945467015, 13.707446107374926], [100.55098521107804, 13.70815954208658], [100.55154263950276, 13.708708049084056], [100.55488693759533, 13.71071456964091], [100.55597497248172, 13.710656636860625], [100.56015758321544, 13.7079410323686], [100.55971618328692, 13.710090288072477], [100.55985441567641, 13.711798184333272], [100.55986780963326, 13.712520518094886], [100.55943078986759, 13.716743325756086], [100.55797713453543, 13.717363098905814], [100.55593934263396, 13.717831288248917], [100.55539528086553, 13.717942800412068], [100.55021831253246, 13.719824551164587], [100.54525976775165, 13.717488002505945], [100.54454184826807, 13.71726948777186], [100.5412198160708, 13.716613957170356], [100.53892341855577, 13.716065537350167], [100.5380315541713, 13.715918370177464], [100.53398711371024, 13.715222781267963], [100.53186908529806, 13.714674313787958], [100.52737431649048, 13.713390090283465], [100.52346809428317, 13.712877249152367], [100.52083726205835, 13.714250633679196], [100.52026208331374, 13.714687702893604], [100.51825542261913, 13.716119074713234]]]}, "id": "00010000000000000fe4", "properties": {"ADM0_CODE": 240, "ADM0_NAME": "Thailand", "ADM1_CODE": 2853, "ADM1_NAME": "Bangkok", "ADM2_CODE": 26429, "ADM2_NAME": "Sathorn", "DISP_AREA": "NO", "EXP2_YEAR": 3000, "STATUS": "Member State", "STR2_YEAR": 1000, "Shape_Area": 0.000565477953892, "Shape_Leng": 0.119722110475, "NAME_2": "Sathorn", "NAME_1": "Bangkok"}}, {"type": "Feature", "geometry": {"type": "Polygon", "coordinates": [[[100.45906981144987, 13.764076676697584], [100.4591144088585, 13.764767794031004], [100.4602113404562, 13.76714453469444], [100.46052344092203, 13.767501246554275], [100.46163376908247, 13.76833509407658], [100.46239632347364, 13.768816716162465], [100.46615532701688, 13.771041760900324], [100.46666806687655, 13.771295926782987], [100.46907604436541, 13.772499923691157], [100.46990093323417, 13.772812029499951], [100.47183173587676, 13.773628041430234], [100.47258982940541, 13.774140879496258], [100.47332554126812, 13.775344843142596], [100.47341028961716, 13.779786060495661], [100.47332554126812, 13.780673418133427], [100.4731293680133, 13.782849459020229], [100.47704442093249, 13.788904958690049], [100.47621054630005, 13.788637418211342], [100.47561754863939, 13.788459043139232], [100.47511367950587, 13.788329732361797], [100.47441801185045, 13.788209326040896], [100.47381601914006, 13.788329677875932], [100.47341028961716, 13.788588318059851], [100.47281722438188, 13.788949566689706], [100.47211265348385, 13.789377630643173], [100.47111379160354, 13.789850311998881], [100.47051182070199, 13.790068743620782], [100.47031565349953, 13.790786678460622], [100.4698161881463, 13.791459999243024], [100.46941493666388, 13.79176767029071], [100.46881735142118, 13.792298326842426], [100.46821539568069, 13.79265952773126], [100.46771156744249, 13.79294933651012], [100.4672165764936, 13.79324810505025], [100.46681079056243, 13.793529008191813], [100.46641392663577, 13.793787626154261], [100.46581198676606, 13.79410868574215], [100.46501380930786, 13.794478805689636], [100.46411751907604, 13.794880174746007], [100.46361362772117, 13.795076349036174], [100.46310973915273, 13.795276973612431], [100.46261477319702, 13.79546875126481], [100.46211089015242, 13.795651572146165], [100.46161592962301, 13.795829909462554], [100.46111205210269, 13.795999377125362], [100.46051898111119, 13.796159916652364], [100.45991699441795, 13.796315949418782], [100.45931055195146, 13.796476535304688], [100.45861946461055, 13.796628084722336], [100.45781680472184, 13.796788591309005], [100.45701415190757, 13.796949182948962], [100.45611785462067, 13.797096320931892], [100.4552171066054, 13.797256824546798], [100.45421379889916, 13.797408443129223], [100.45331752918037, 13.79754666998925], [100.45251491603122, 13.797676005146759], [100.45171230995956, 13.797809788807049], [100.4510121900884, 13.797916762732493], [100.45051720413026, 13.798019335272636], [100.45001338802754, 13.79810849511169], [100.44911261466606, 13.798246727445331], [100.44861763904107, 13.798318139896821], [100.44801118609035, 13.798376072623139], [100.44732009877744, 13.798438491356155], [100.44631233326487, 13.798509806593303], [100.44511283931017, 13.7985767371642], [100.44381517754127, 13.798639125750473], [100.44231250955025, 13.798719422988608], [100.44071168611059, 13.798786270966884], [100.4392179012006, 13.798857617313486], [100.4377151377086, 13.798937890900698], [100.4362169434273, 13.799009232815608], [100.43501295262452, 13.799067229921802], [100.43401406907427, 13.799138553663477], [100.43311336847422, 13.799196521716926], [100.43241776449877, 13.79925900582529], [100.43181579227787, 13.799307981740442], [100.4312138240467, 13.799357043377208], [100.43061623241259, 13.799397189146275], [100.43001427213237, 13.799446247665276], [100.42941231584241, 13.799477499735774], [100.42860965650621, 13.799517568961347], [100.4277133819712, 13.799548796370706], [100.4267101205509, 13.799566688606616], [100.42581377903622, 13.799588922030008], [100.42481053861042, 13.799597902835838], [100.42391421585442, 13.799606774475132], [100.42301352970966, 13.79960675147785], [100.42221975708885, 13.79959789300363], [100.4215152350518, 13.799588982437362], [100.42101140827636, 13.799557729417291], [100.42051641426785, 13.799539889341164], [100.41971374787452, 13.79948636401377], [100.41891563207963, 13.799446257768063], [100.41801482410621, 13.799437317594027], [100.41751993217446, 13.79944626195311], [100.41701604186493, 13.799459603433991], [100.41651215435512, 13.799486385127155], [100.41591465952428, 13.799517588079816], [100.41541077813444, 13.799548818675362], [100.41451446252832, 13.7996290508536], [100.4139169808613, 13.7997093012578], [100.41311428715599, 13.799878760955243], [100.41241420757945, 13.799968001901519], [100.41181228233377, 13.800008112408495], [100.41111658448057, 13.800017037502679], [100.41061272975902, 13.79999920447178], [100.40991266950394, 13.799927836268536], [100.40941773608134, 13.799869906825577], [100.40891380508809, 13.799838631448301], [100.40841887712111, 13.799807408250368], [100.40761623210929, 13.799776271140292], [100.40661739300899, 13.79975836568879], [100.40531085300383, 13.799736087824765], [100.40381705078434, 13.799736081619823], [100.40221622066078, 13.799727175221689], [100.40051291088763, 13.799727153729046], [100.39881846101432, 13.799727179598582], [100.397217633565, 13.799718238641594], [100.39561674872566, 13.799709376354889], [100.39431919487846, 13.799700445592274], [100.39321783137527, 13.799678109622297], [100.39221006680667, 13.79966025895409], [100.39151889026756, 13.799638033627108], [100.39091693251079, 13.799606779265062], [100.39011427126759, 13.79958003256942], [100.38940974178894, 13.799588918597216], [100.38862046275874, 13.799646878595615], [100.38771969898451, 13.799758364318455], [100.38721580308001, 13.799816334743369], [100.3867209080502, 13.799878810237342], [100.38621701771228, 13.799936778619985], [100.38561055342278, 13.799999188197749], [100.38511558148609, 13.800057125090039], [100.38451366635633, 13.800106245726687], [100.38381355086784, 13.800146352731687], [100.38321601472882, 13.800199823523405], [100.38261402655732, 13.800235500254402], [100.38202095430292, 13.800280137160646], [100.38151709016618, 13.800320201207512], [100.38101322883905, 13.800360351450847], [100.38051828208052, 13.80040946248509], [100.38001442632321, 13.800458514195022], [100.37922068782598, 13.800507556882181], [100.37801222728639, 13.800565462970328], [100.37642033677406, 13.800636834732837], [100.37411498150857, 13.800717068306044], [100.37111849322373, 13.800819686916036], [100.36711864655375, 13.800917742528988], [100.36221367008116, 13.80104709142322], [100.35661299656148, 13.801167472640042], [100.35071362558669, 13.801287878423834], [100.34501490507799, 13.801377043078785], [100.3399137049506, 13.801439506227336], [100.33561513452824, 13.801457298644847], [100.3328193068604, 13.801430574752894], [100.33161086886157, 13.801319059068573], [100.3317178376649, 13.800306823843755], [100.33191850086345, 13.799655817234884], [100.33221285908459, 13.799009238440659], [100.33241352338798, 13.798309176942023], [100.33261864165138, 13.797497625585109], [100.33271670461905, 13.797016048542673], [100.3328193068604, 13.79648984704331], [100.3328193068604, 13.795870032054413], [100.33291737004691, 13.795178860735684], [100.33301543334038, 13.794376302748942], [100.33301543334038, 13.793479943765767], [100.33301543334038, 13.792490097448356], [100.33311358238574, 13.79144661940412], [100.33311358238574, 13.790376478066625], [100.33311358238574, 13.789310710061326], [100.33311358238574, 13.788258393712612], [100.33321164589319, 13.787259560113238], [100.33321164589319, 13.786327547710034], [100.33331424869932, 13.785507134560522], [100.33331424869932, 13.78476691127728], [100.33341231242562, 13.7840980602839], [100.33351936901747, 13.783478239307149], [100.33351936901747, 13.782889648600866], [100.33361743296747, 13.782318832835363], [100.33371558266992, 13.781748103448223], [100.33371558266992, 13.78115952074713], [100.33381810040547, 13.780526289333594], [100.33381810040547, 13.779870763173315], [100.33381810040547, 13.779188530617803], [100.33381810040547, 13.778488495250752], [100.33381810040547, 13.777788376313401], [100.33381810040547, 13.777101702990436], [100.33381810040547, 13.776419484757621], [100.33381810040547, 13.77575952751515], [100.33371558266992, 13.77513077998304], [100.33361743296747, 13.774497574013669], [100.33361743296747, 13.773868873356037], [100.33351936901748, 13.773191067944449], [100.33341231242562, 13.772468694493634], [100.33331424869932, 13.771661631435904], [100.33321164589319, 13.770760849845912], [100.33321164589319, 13.769739753501433], [100.33311358238574, 13.76858926042426], [100.33311358238574, 13.767340732054377], [100.33301543334038, 13.766029758472207], [100.33301543334038, 13.764692056925428], [100.33291737004691, 13.763381017812188], [100.33291737004691, 13.76213253821459], [100.33291737004691, 13.76099098177544], [100.33291737004691, 13.75998322607553], [100.33291737004691, 13.759149326506542], [100.33301543334038, 13.758458182195382], [100.33301543334038, 13.757459347909489], [100.33311358238574, 13.756750405977238], [100.33321164589319, 13.756108234284214], [100.33321164589319, 13.755381441114944], [100.33331424869932, 13.754578769890307], [100.33331424869932, 13.753780598721669], [100.33341231242562, 13.753058242065702], [100.33351936901748, 13.752469643130906], [100.33351936901748, 13.7519613033978], [100.33351936901748, 13.751470768327984], [100.33331424869932, 13.750940174968584], [100.33371558266992, 13.750351589550462], [100.33401431470975, 13.749651436233837], [100.3341123791995, 13.749058432964826], [100.33431304774196, 13.748621421138226], [100.33441119820365, 13.748171011617051], [100.334616321024, 13.74752001568312], [100.33471883978638, 13.747051799030572], [100.33481690504439, 13.74645872158888], [100.33511572638953, 13.745629350798062], [100.33531194352506, 13.745098731401354], [100.33551698275262, 13.744478909375626], [100.3357176544292, 13.743783268859763], [100.3360120250867, 13.743011872414929], [100.3363196721453, 13.742191405195724], [100.33661841283502, 13.741353081296511], [100.33681463324879, 13.740492463717098], [100.3371133755824, 13.73963190111163], [100.33731850456545, 13.73879352148707], [100.3375147265064, 13.73797306161673], [100.33761724857243, 13.737192762134558], [100.33771540263989, 13.736412389664727], [100.33771540263989, 13.735649938434493], [100.337813471165, 13.734882929466368], [100.337813471165, 13.734111499983788], [100.33771540263989, 13.733313312178861], [100.33764851054565, 13.73235457779531], [100.34755661938753, 13.732452743365663], [100.35321069841302, 13.732278828567718], [100.35839223821516, 13.731850736161661], [100.3650273741225, 13.73208705776032], [100.35781697279582, 13.747622594804689], [100.35956496862038, 13.747881212118141], [100.3630608905897, 13.748603552819056], [100.3687507277742, 13.748625848303808], [100.36974512172131, 13.748674941459509], [100.37059678266593, 13.74865711245902], [100.37131470309868, 13.74864370940828], [100.37250525207416, 13.748585727110465], [100.38690369753532, 13.746663910363607], [100.38792485740721, 13.746481011672795], [100.3899983204725, 13.74611091993657], [100.39108190487448, 13.745923624240827], [100.39159464947178, 13.745914747977572], [100.39899236136431, 13.745803238073417], [100.40039248990794, 13.745580335486295], [100.40181938167595, 13.74529050677451], [100.4031125003355, 13.745031816969238], [100.4117899095129, 13.742035361775658], [100.41257476165619, 13.742120037571722], [100.41319460763926, 13.742204815474219], [100.41373413682813, 13.742195894632252], [100.41588782806971, 13.742151226193041], [100.41802373955811, 13.741286160660056], [100.41960230271229, 13.740238324140197], [100.42123430219979, 13.739645281329388], [100.42191207454803, 13.739466902940226], [100.42265234901814, 13.739221662054883], [100.42675916024636, 13.737892825707751], [100.42774013118833, 13.737643117777653], [100.42831987096513, 13.737500384625926], [100.43377776827167, 13.735319926806664], [100.4355614429666, 13.734200663452993], [100.43776864204173, 13.733464948366663], [100.43837957115574, 13.73335341751492], [100.44253545575452, 13.732943209525502], [100.44344954090731, 13.732925380325042], [100.44399799640955, 13.732916460469184], [100.44488542774205, 13.732929853601997], [100.44553199153347, 13.732920946523759], [100.45152501621793, 13.733986661997074], [100.45217154143795, 13.73423637508979], [100.45306342618578, 13.734517255101114], [100.45883344554868, 13.73621175056924], [100.45898507643362, 13.737362236352439], [100.45968071208306, 13.739582843674336], [100.46417103893428, 13.74133970304214], [100.46516536470925, 13.741286161160508], [100.46761344391483, 13.740875977673024], [100.46801923341901, 13.740635192006083], [100.46943723789703, 13.739689870065323], [100.4664852882518, 13.746458786183098], [100.46588772221358, 13.747292594544431], [100.4654329673916, 13.7482870295378], [100.463158798479, 13.752875409093251], [100.46281992944085, 13.753276685491038], [100.46226698638917, 13.75420870907091], [100.46196817382716, 13.754904294511432], [100.45983234437853, 13.759256372349276], [100.45963165462975, 13.759720092567317], [100.4594443445965, 13.760580738577632], [100.45906981144987, 13.764076676697584]]]}, "id": "00010000000000000fe5", "properties": {"ADM0_CODE": 240, "ADM0_NAME": "Thailand", "ADM1_CODE": 2853, "ADM1_NAME": "Bangkok", "ADM2_CODE": 26430, "ADM2_NAME": "Taling Chan", "DISP_AREA": "NO", "EXP2_YEAR": 3000, "STATUS": "Member State", "STR2_YEAR": 1000, "Shape_Area": 0.00797943310952, "Shape_Leng": 0.441627167387, "NAME_2": "Taling Chan", "NAME_1": "Bangkok"}}, {"type": "Feature", "geometry": {"type": "Polygon", "coordinates": [[[100.49633005732495, 13.688619764410843], [100.49669564866961, 13.691866020220715], [100.497110404854, 13.69393051787802], [100.49742254573036, 13.694385358910413], [100.49766330162568, 13.69484019117322], [100.50188607088411, 13.697587019339698], [100.50257276659327, 13.698068608999872], [100.50508774889958, 13.699696165296281], [100.50224284654452, 13.701809814079263], [100.5017076835757, 13.702313629321782], [100.50110576840908, 13.702920136957742], [100.49977693565003, 13.704757266616934], [100.49913033039854, 13.708320095884797], [100.49922402609921, 13.709635484931137], [100.49912140700349, 13.711771404151817], [100.49935332975588, 13.714696604271868], [100.49779706470817, 13.71932955802295], [100.50093184440782, 13.726205555165718], [100.50294293058181, 13.729946714069605], [100.50367862951984, 13.732198521954565], [100.50270207498373, 13.732845130777322], [100.5019930691143, 13.7331884694133], [100.5015472296801, 13.733326669884528], [100.4991749473869, 13.733933160380914], [100.49866657241441, 13.733977739726589], [100.49579492895492, 13.73584165450721], [100.49456870144327, 13.734294315447654], [100.49389090292264, 13.732796033194019], [100.49352969842211, 13.731917629114205], [100.491081696136, 13.726771865226906], [100.48866927733488, 13.721889129472695], [100.48644866262873, 13.720190207191385], [100.4857620022497, 13.719744263635631], [100.48384008411215, 13.71912894027262], [100.48335856000642, 13.719106647303784], [100.48127610257909, 13.71911553003542], [100.4796084551688, 13.718950603135944], [100.47789168516617, 13.71912004439327], [100.47545696900156, 13.716703184587878], [100.47452506369176, 13.714121335197916], [100.4737179748215, 13.711254174138194], [100.47373135619209, 13.706322378443431], [100.47406125906504, 13.705559929429693], [100.47429766445768, 13.705163021297276], [100.47449384022505, 13.704730502379729], [100.47673672450918, 13.702313660151262], [100.47933197521182, 13.702425134229767], [100.48011672410685, 13.702639211007597], [100.48156151010421, 13.703000373743096], [100.48203864965477, 13.703058365855016], [100.48435292337412, 13.70051214401133], [100.48447328402636, 13.699785345460452], [100.48449558894015, 13.6990629881167], [100.48448220599123, 13.698144385992101], [100.48446436206238, 13.697386338843431], [100.48451789385938, 13.696565875327524], [100.48585559845675, 13.69272214331512], [100.48607856542624, 13.691995297641784], [100.48643527939359, 13.69077351714484], [100.48669393649669, 13.690175955183376], [100.48721116710963, 13.688325419047137], [100.48982421735487, 13.689172694497127], [100.49148750419823, 13.688909619810861], [100.49370360834429, 13.688833821444007], [100.49449285639706, 13.68894973996918], [100.49633005732495, 13.688619764410843]]]}, "id": "00010000000000000fe6", "properties": {"ADM0_CODE": 240, "ADM0_NAME": "Thailand", "ADM1_CODE": 2853, "ADM1_NAME": "Bangkok", "ADM2_CODE": 26431, "ADM2_NAME": "Thonburi", "DISP_AREA": "NO", "EXP2_YEAR": 3000, "STATUS": "Member State", "STR2_YEAR": 1000, "Shape_Area": 0.000763393888427, "Shape_Leng": 0.13782821334, "NAME_2": "Thonburi", "NAME_1": "Bangkok"}}, {"type": "Feature", "geometry": {"type": "Polygon", "coordinates": [[[100.52365098687487, 13.678105201671261], [100.52419494644357, 13.677766315925245], [100.52524734314504, 13.67735159139141], [100.52591619035317, 13.677137616231603], [100.52662074673005, 13.677155398505567], [100.52721381762852, 13.677414010808752], [100.52801640057577, 13.676896790517722], [100.5292114905817, 13.67611645607419], [100.5305180050965, 13.675144379101043], [100.53211430921722, 13.674056372012101], [100.53361708179906, 13.672923724891739], [100.53521790328202, 13.67182682300926], [100.53661360205761, 13.670823506097507], [100.53781755951084, 13.669985202761092], [100.53881637720445, 13.669298448324069], [100.53971709071925, 13.668754484035254], [100.54041273979627, 13.66833530128258], [100.54111277204296, 13.668027592442526], [100.54161666121756, 13.667818045225847], [100.5422142069712, 13.66768425302745], [100.54271810218773, 13.667617395426836], [100.54331110541385, 13.667595106167454], [100.5438150066469, 13.667617416834563], [100.54441703060189, 13.667693236508866], [100.54501450872499, 13.667826952370833], [100.54561645469374, 13.668005365750545], [100.54631652659211, 13.66824609004956], [100.54691410291217, 13.668535996751045], [100.54761418469549, 13.668883755493443], [100.54831873590318, 13.669298438434128], [100.54901874253652, 13.669757768094676], [100.54961187227002, 13.670252697611822], [100.5503163529392, 13.67078339582079], [100.55101646063387, 13.671345223384304], [100.55161398165657, 13.671915970619551], [100.5522159708433, 13.67248670026581], [100.55271090643386, 13.673066455258166], [100.55321477334725, 13.673623774716269], [100.55371864302127, 13.674176735531496], [100.55411554213698, 13.674716317727775], [100.55451235711178, 13.675246925645046], [100.55491818847702, 13.675764159894069], [100.55521249675178, 13.676285906957327], [100.5555112704093, 13.676785322794753], [100.55581442363814, 13.6772847262445], [100.55611319925067, 13.677784143536448], [100.55631384307306, 13.678265709366825], [100.55661708480238, 13.67873390451382], [100.55681772972373, 13.679193243767099], [100.55701391056844, 13.679634643630788], [100.55741975296975, 13.68044625988161], [100.55761593509816, 13.681155191957016], [100.5577184479391, 13.681743831756261], [100.55781658219784, 13.682435001973959], [100.55791471656127, 13.683005789607831], [100.55811089974506, 13.683585454968815], [100.55821341313747, 13.684156233546187], [100.55821341313747, 13.684713622916222], [100.55841852612227, 13.685262052008376], [100.5585166611277, 13.685734691518427], [100.5585166611277, 13.68633672081942], [100.55841852612227, 13.686903031806446], [100.55821341313747, 13.687424762592675], [100.55811089974506, 13.688115841404434], [100.55811089974506, 13.688802618128896], [100.55781658219784, 13.689435757308006], [100.5577184479391, 13.690006529304469], [100.5577184479391, 13.690742310801316], [100.55761593509816, 13.691313015088541], [100.55741975296974, 13.691785737597897], [100.55741975296974, 13.692365391485476], [100.55731269007654, 13.692904913959255], [100.55731269007654, 13.69349355253366], [100.55731269007654, 13.694042003575074], [100.55741975296974, 13.694626144754064], [100.55751780105341, 13.695254875530159], [100.55761593509816, 13.695714211535634], [100.55761593509816, 13.696383069709974], [100.55761593509816, 13.697163437645813], [100.5577184479391, 13.697943773636792], [100.5577184479391, 13.698612643076391], [100.5577184479391, 13.69907192611253], [100.55791471656127, 13.699722881105695], [100.55801276517239, 13.700382846219131], [100.55811089974506, 13.701132000849528], [100.55831154792413, 13.701662634824782], [100.5585166611277, 13.702322549435705], [100.55891349508656, 13.703134141133173], [100.55951553204503, 13.704115140857615], [100.56029581626792, 13.705256678713722], [100.56015758321544, 13.7079410323686], [100.55597497248172, 13.710656636860625], [100.55488693759533, 13.71071456964091], [100.55154263950276, 13.708708049084056], [100.55098521107804, 13.70815954208658], [100.54888945467015, 13.707446107374926], [100.54860855894972, 13.706991240636501], [100.54839453965086, 13.706500724018309], [100.5481046314314, 13.703446249421416], [100.54778364735368, 13.702893366162456], [100.54743133020202, 13.702407304889576], [100.54554065323737, 13.701426272643591], [100.54305254592222, 13.701604693664633], [100.54257980971597, 13.70171169338735], [100.53591351827276, 13.70085997589054], [100.53620330218351, 13.699932520762863], [100.537023817928, 13.698402995087376], [100.53778185086357, 13.696909208582941], [100.5316907254353, 13.692191533978425], [100.53144103937628, 13.691767854488328], [100.53105307888626, 13.69095636232407], [100.53084347790582, 13.69053271484819], [100.52903751320993, 13.687112551206702], [100.52716026085152, 13.685012341027711], [100.5266341358426, 13.684361341078766], [100.52628181401248, 13.683977798817697], [100.52365098687487, 13.678105201671261]]]}, "id": "00010000000000000fe7", "properties": {"ADM0_CODE": 240, "ADM0_NAME": "Thailand", "ADM1_CODE": 2853, "ADM1_NAME": "Bangkok", "ADM2_CODE": 26432, "ADM2_NAME": "Yannawa", "DISP_AREA": "NO", "EXP2_YEAR": 3000, "STATUS": "Member State", "STR2_YEAR": 1000, "Shape_Area": 0.000911002620611, "Shape_Leng": 0.129934869135, "NAME_2": "Yannawa", "NAME_1": "Bangkok"}}, {"type": "Feature", "properties": {"NAME_2": "Din Daeng", "NL_NAME_2": "ดินแดง", "NAME_1": "Bangkok", "ADM1_NAME": "Krung Thep Maha Nakhon", "ADM2_NAME": "Din Daeng", "TYPE_2": "Khet", "synthetic": true}, "geometry": {"type": "MultiPolygon", "coordinates": [[[[100.5602, 13.7974], [100.5653, 13.7972], [100.566, 13.8017], [100.5735, 13.8035], [100.5719, 13.7738], [100.5645, 13.7636], [100.5633, 13.7583], [100.5513, 13.7591], [100.5421, 13.7659], [100.5473, 13.7667], [100.5597, 13.7901], [100.5602, 13.7974]]]]}}, {"type": "Feature", "properties": {"NAME_2": "Suan Luang", "NL_NAME_2": "สวนหลวง", "NAME_1": "Bangkok", "ADM1_NAME": "Krung Thep Maha Nakhon", "ADM2_NAME": "Suan Luang", "TYPE_2": "Khet", "synthetic": true}, "geometry": {"type": "MultiPolygon", "coordinates": [[[[100.5989, 13.7514], [100.6094, 13.7472], [100.6348, 13.7537], [100.6446, 13.7498], [100.6476, 13.7475], [100.6474, 13.7455], [100.6583, 13.7418], [100.6483, 13.7317], [100.6467, 13.7204], [100.6501, 13.7206], [100.648, 13.7106], [100.6498, 13.706], [100.633, 13.7039], [100.631, 13.7083], [100.6291, 13.708], [100.6287, 13.7096], [100.6144, 13.7104], [100.6054, 13.7092], [100.6008, 13.7156], [100.6055, 13.7191], [100.6028, 13.7324], [100.6029, 13.7413], [100.5969, 13.7418], [100.596, 13.7447], [100.5989, 13.7514]]]]}}, {"type": "Feature", "properties": {"NAME_2": "Wang Thonglang", "NL_NAME_2": "วังทองหลาง", "NAME_1": "Bangkok", "ADM1_NAME": "Krung Thep Maha Nakhon", "ADM2_NAME": "Wang Thonglang", "TYPE_2": "Khet", "synthetic": true}, "geometry": {"type": "MultiPolygon", "coordinates": [[[[100.6126, 13.8025], [100.6222, 13.8029], [100.6246, 13.791], [100.6277, 13.7915], [100.6292, 13.7869], [100.6278, 13.7786], [100.6268, 13.7791], [100.6287, 13.7662], [100.6134, 13.7644], [100.6021, 13.7546], [100.5932, 13.7652], [100.5918, 13.7739], [100.5924, 13.7819], [100.5888, 13.7897], [100.5871, 13.8053], [100.6009, 13.8027], [100.6016, 13.7983], [100.6033, 13.798], [100.6099, 13.7976], [100.6126, 13.8025]]]]}}, {"type": "Feature", "properties": {"NAME_2": "Khan Na Yao", "NL_NAME_2": "คันนายาว", "NAME_1": "Bangkok", "ADM1_NAME": "Krung Thep Maha Nakhon", "ADM2_NAME": "Khan Na Yao", "TYPE_2": "Khet", "synthetic": true}, "geometry": {"type": "MultiPolygon", "coordinates": [[[[100.6481, 13.849], [100.6606, 13.852], [100.6603, 13.8551], [100.6624, 13.8587], [100.6641, 13.8574], [100.6675, 13.8595], [100.6744, 13.8594], [100.67, 13.8555], [100.6808, 13.8524], [100.685, 13.848], [100.6872, 13.8377], [100.6948, 13.8265], [100.6966, 13.8155], [100.7006, 13.8107], [100.6992, 13.8071], [100.7036, 13.8003], [100.6702, 13.7826], [100.6695, 13.7841], [100.6753, 13.7895], [100.6723, 13.7993], [100.6649, 13.8141], [100.6624, 13.8132], [100.6595, 13.827], [100.661, 13.8336], [100.6579, 13.8337], [100.6569, 13.8384], [100.648, 13.8368], [100.6481, 13.849]]]]}}, {"type": "Feature", "properties": {"NAME_2": "Saphan Sung", "NL_NAME_2": "สะพานสูง", "NAME_1": "Bangkok", "ADM1_NAME": "Krung Thep Maha Nakhon", "ADM2_NAME": "Saphan Sung", "TYPE_2": "Khet", "synthetic": true}, "geometry": {"type": "MultiPolygon", "coordinates": [[[[100.6583, 13.7418], [100.6625, 13.7435], [100.6623, 13.7459], [100.6654, 13.7501], [100.6716, 13.7528], [100.6759, 13.7522], [100.678, 13.7555], [100.6688, 13.7595], [100.6678, 13.77], [100.6638, 13.7787], [100.7048, 13.8007], [100.7141, 13.7846], [100.7153, 13.7799], [100.7142, 13.774], [100.7052, 13.7605], [100.7083, 13.7599], [100.7068, 13.7351], [100.6575, 13.7402], [100.6583, 13.7418]]]]}}, {"type": "Feature", "properties": {"NAME_2": "Khlong Sam Wa", "NL_NAME_2": "คลองสามวา", "NAME_1": "Bangkok", "ADM1_NAME": "Krung Thep Maha Nakhon", "ADM2_NAME": "Khlong Sam Wa", "TYPE_2": "Khet", "synthetic": true}, "geometry": {"type": "MultiPolygon", "coordinates": [[[[100.6744, 13.8594], [100.6818, 13.8642], [100.6851, 13.8721], [100.6839, 13.8769], [100.6889, 13.8821], [100.6893, 13.8869], [100.6915, 13.8892], [100.6912, 13.9015], [100.686, 13.9122], [100.6827, 13.9144], [100.687, 13.9205], [100.6867, 13.9225], [100.6904, 13.9246], [100.6966, 13.9234], [100.7024, 13.9191], [100.7063, 13.9193], [100.7081, 13.9169], [100.7214, 13.9168], [100.7299, 13.9187], [100.7299, 13.9157], [100.7526, 13.9169], [100.7926, 13.9299], [100.7923, 13.9014], [100.793, 13.8982], [100.7982, 13.8957], [100.795, 13.8933], [100.7939, 13.8891], [100.7874, 13.8818], [100.7987, 13.8523], [100.7481, 13.825], [100.7456, 13.8278], [100.7429, 13.8379], [100.7357, 13.8364], [100.7336, 13.8435], [100.7286, 13.8427], [100.7287, 13.8346], [100.7215, 13.8347], [100.7214, 13.8423], [100.7194, 13.8424], [100.7192, 13.8345], [100.7117, 13.8342], [100.7115, 13.8252], [100.7051, 13.8243], [100.6959, 13.8186], [100.6948, 13.8265], [100.6872, 13.8377], [100.6872, 13.8413], [100.6832, 13.8508], [100.67, 13.8555], [100.6744, 13.8594]]]]}}, {"type": "Feature", "properties": {"NAME_2": "Bang Na", "NL_NAME_2": "บางนา", "NAME_1": "Bangkok", "ADM1_NAME": "Krung Thep Maha Nakhon", "ADM2_NAME": "Bang Na", "TYPE_2": "Khet", "synthetic": true}, "geometry": {"type": "MultiPolygon", "coordinates": [[[[100.5905, 13.686], [100.5996, 13.6838], [100.6092, 13.6882], [100.6311, 13.6895], [100.6339, 13.6816], [100.6394, 13.6812], [100.6447, 13.6729], [100.6535, 13.6725], [100.6566, 13.6705], [100.6492, 13.6513], [100.5937, 13.663], [100.5811, 13.6672], [100.5885, 13.6782], [100.5905, 13.686]]]]}}, {"type": "Feature", "properties": {"NAME_2": "Thawi Watthana", "NL_NAME_2": "ทวีวัฒนา", "NAME_1": "Bangkok", "ADM1_NAME": "Krung Thep Maha Nakhon", "ADM2_NAME": "Thawi Watthana", "TYPE_2": "Khet", "synthetic": true}, "geometry": {"type": "MultiPolygon", "coordinates": [[[[100.404, 13.7528], [100.3715, 13.7568], [100.3501, 13.7556], [100.3565, 13.7413], [100.3327, 13.7395], [100.3325, 13.7532], [100.3301, 13.7653], [100.3313, 13.7845], [100.3297, 13.8012], [100.32, 13.8215], [100.3307, 13.8032], [100.3976, 13.8004], [100.4014, 13.8015], [100.4087, 13.8], [100.404, 13.7528]]]]}}, {"type": "Feature", "properties": {"NAME_2": "Thung Khru", "NL_NAME_2": "ทุ่งครุ", "NAME_1": "Bangkok", "ADM1_NAME": "Krung Thep Maha Nakhon", "ADM2_NAME": "Thung Khru", "TYPE_2": "Khet", "synthetic": true}, "geometry": {"type": "MultiPolygon", "coordinates": [[[[100.4784, 13.6017], [100.4754, 13.6026], [100.475, 13.6065], [100.4765, 13.6094], [100.4782, 13.6095], [100.48, 13.6186], [100.4707, 13.6272], [100.4742, 13.6334], [100.4695, 13.6615], [100.4745, 13.6623], [100.4745, 13.6646], [100.4826, 13.666], [100.4844, 13.6584], [100.4904, 13.6578], [100.4909, 13.6602], [100.4927, 13.6602], [100.4972, 13.6559], [100.5032, 13.665], [100.5053, 13.6638], [100.5162, 13.6648], [100.5181, 13.6653], [100.5182, 13.6673], [100.5193, 13.6648], [100.5187, 13.6341], [100.5157, 13.627], [100.5174, 13.6134], [100.5216, 13.6044], [100.5145, 13.6019], [100.513, 13.6028], [100.5124, 13.601], [100.5104, 13.6006], [100.5055, 13.6039], [100.502, 13.6024], [100.4937, 13.6029], [100.4819, 13.607], [100.4784, 13.6017]]]]}}, {"type": "Feature", "properties": {"NAME_2": "Bang Bon", "NL_NAME_2": "บางบอน", "NAME_1": "Bangkok", "ADM1_NAME": "Krung Thep Maha Nakhon", "ADM2_NAME": "Bang Bon", "TYPE_2": "Khet", "synthetic": true}, "geometry": {"type": "MultiPolygon", "coordinates": [[[[100.3823, 13.6759], [100.3856, 13.6742], [100.3858, 13.6719], [100.391, 13.6718], [100.4359, 13.6965], [100.4453, 13.6853], [100.374, 13.6236], [100.371, 13.6286], [100.3621, 13.6332], [100.3563, 13.6393], [100.3497, 13.64], [100.3417, 13.638], [100.3393, 13.6421], [100.3423, 13.6591], [100.3466, 13.6593], [100.3545, 13.6658], [100.3574, 13.6655], [100.3823, 13.6759]]]]}}, {"type": "Feature", "properties": {"NAME_2": "Lak Si", "NL_NAME_2": "หลักสี่", "NAME_1": "Bangkok", "ADM1_NAME": "Krung Thep Maha Nakhon", "ADM2_NAME": "Lak Si", "TYPE_2": "Khet", "synthetic": true}, "geometry": {"type": "MultiPolygon", "coordinates": [[[[100.5937, 13.8904], [100.5865, 13.8823], [100.5851, 13.8622], [100.5462, 13.8539], [100.5607, 13.9153], [100.5725, 13.9079], [100.5862, 13.9017], [100.5815, 13.8933], [100.5937, 13.8904]]]]}}, {"type": "Feature", "properties": {"NAME_2": "Sai Mai", "NL_NAME_2": "สายไหม", "NAME_1": "Bangkok", "ADM1_NAME": "Krung Thep Maha Nakhon", "ADM2_NAME": "Sai Mai", "TYPE_2": "Khet", "synthetic": true}, "geometry": {"type": "MultiPolygon", "coordinates": [[[[100.6839, 13.8769], [100.6803, 13.8825], [100.6751, 13.8819], [100.673, 13.8838], [100.6715, 13.8825], [100.664, 13.8839], [100.6626, 13.882], [100.6584, 13.8825], [100.6555, 13.8843], [100.6548, 13.888], [100.6525, 13.8892], [100.6516, 13.8856], [100.6428, 13.8857], [100.6423, 13.8884], [100.6397, 13.8893], [100.6286, 13.8886], [100.6222, 13.8859], [100.6074, 13.8908], [100.6098, 13.8952], [100.6075, 13.8986], [100.6255, 13.9287], [100.6226, 13.9447], [100.6267, 13.944], [100.6266, 13.937], [100.6411, 13.9366], [100.6416, 13.9306], [100.6908, 13.9289], [100.6904, 13.9246], [100.6867, 13.9225], [100.6867, 13.92], [100.6827, 13.9148], [100.6864, 13.9117], [100.6916, 13.9003], [100.6915, 13.8892], [100.6893, 13.8869], [100.6889, 13.8821], [100.6839, 13.8769]]]]}}, {"type": "Feature", "properties": {"NAME_2": "Watthana", "NL_NAME_2": "วัฒนา", "NAME_1": "Bangkok", "ADM1_NAME": "Krung Thep Maha Nakhon", "ADM2_NAME": "Watthana", "TYPE_2": "Khet", "synthetic": true}, "geometry": {"type": "MultiPolygon", "coordinates": [[[[100.5617, 13.7512], [100.5963, 13.7446], [100.5969, 13.7418], [100.6029, 13.7413], [100.6028, 13.7324], [100.6055, 13.7191], [100.6008, 13.7156], [100.6047, 13.7102], [100.6003, 13.7083], [100.5969, 13.7138], [100.5494, 13.7462], [100.5488, 13.7516], [100.5617, 13.7512]]]]}}, {"type": "Feature", "properties": {"NAME_2": "Bang Khae", "NL_NAME_2": "บางแค", "NAME_1": "Bangkok", "ADM1_NAME": "Krung Thep Maha Nakhon", "ADM2_NAME": "Bang Khae", "TYPE_2": "Khet", "synthetic": true}, "geometry": {"type": "MultiPolygon", "coordinates": [[[[100.4262, 13.6905], [100.3917, 13.6721], [100.3858, 13.6719], [100.3856, 13.6742], [100.3823, 13.6759], [100.3785, 13.6963], [100.3497, 13.7554], [100.3603, 13.7571], [100.3715, 13.7568], [100.4116, 13.7512], [100.4123, 13.7425], [100.4154, 13.7416], [100.417, 13.7352], [100.4229, 13.7359], [100.4223, 13.7288], [100.4262, 13.6905]]]]}}]}